,,,,,,,,,,,,,,,,,,,,,,,,,,,,,,
,,,,,LAPORAN PENJUALAN DETAIL,,,,,,,,,,,,,,,,PERIODE : 01/01/22 - 31/01/22,,,,,,,,,
,,,,,,,,,,,,,,,,,,,,,,,,,,,,,,
,,,,,,,,,,,,,,,,,,,,,,,,,,,,,,
,,,,,SUMBER SEHAT BEKASI,,,,,,,,,,,,,,,,,,,,,,,,,
,,,,,,,,,,,,,,,,,,,,,,,,,,,,,,
,,,,,"JL. FLAMBOYAN RAYA ,BLOK F5 NO 11 PERUM PAPAN MAS",,,,,,,,,,,,,,,,,,,,,,,,,
,,,,,,,,,,,,,,,,,,,,,,,,,,,,,,
,,,,,,,,,,,,,,,,,,,,,,,,,,,,,,
,,,,,BCA 8850 6714 28,,,,,,,,,,,,,,,,,,,,,,,,,
,,,,,,,,,,,,,,,,,,,,,,,,,,,,,,
,,,,,,,,,,,,,,,,,,,,,,,,,,,,,,
,,,,,LINA MARIA ULPAH,,,,,,,,,,,,,,,,,,,,,,,,,
,,,,,,,,,,,,,,,,,,,,,,,,,,,,,,
,,,,,,,,,,,,,,,,,,,,,,,,,,,,,,
,,,,,,,,,,,,,,,,,,,,,,,,,,,,,,
,No Transaksi,,,,,,Tanggal,,,Dept.,,Kode Pel.,,,,Nama Pelanggan,,,,,,,,Alamat,,,,,,
,,,,,,,,,,,,,,,,,,,,,,,,,,,,,,
,,,,,,,,,,,,,,,,,,,,,,,,,,,,,,
,,,,,,,,,,,,,,,,,,,,,,,,,,,,,,
,,,,,,,,,,,,,,,,,,,,,,,,,,,,,,
,1557/JL/UTM/0122,,,,,,1/3/2022,,,,,PL0269,,,,Rahmat Herbal,,,,,,,,  ,,,,,,
,,,,,,,,,,,,,,,,,,,,,,,,,,,,,,
,No.,Kd. Item,,,,,Nama Item,,,,,,,,,,Jml,,Satuan,,,,,Harga,Pot. %,,,,Total,
,,,,,,,,,,,,,,,,,,,,,,,,,,,,,,
,1,SK003,,,,,Sari Kurma Al-Sabira 6 in 1 330gr,,,,,,,,,,"24,00",,PCS,,,,,"18.500,00","0,00",,,,"444.000,00",
,2,JHP64,,,,,Jahe Merah H64,,,,,,,,,,"100,00",,PCS,,,,,"6.250,00","0,00",,,,"625.000,00",
,3,JFN011,,,,,Garlic Oil 210k,,,,,,,,,,"12,00",,PCS,,,,,"48.000,00","0,00",,,,"576.000,00",
,4,ARB50,,,,,Tongkat Arab 210 ML,,,,,,,,,,"12,00",,PCS,,,,,"42.000,00","0,00",,,,"504.000,00",
,5,ABH004,,,,,Madu As Salamah Pencernaan,,,,,,,,,,"24,00",,PCS,,,,,"30.160,00","0,00",,,,"723.840,00",
,6,ABH002,,,,,Madu As Salamah 4 In 1,,,,,,,,,,"24,00",,PCS,,,,,"29.744,00","0,00",,,,"713.856,00",
,,,,,,,,,,,,,,,,,,,,,,,,,,,,,,
,,,,,,,,,,,,,,,,,,,,,,,,,,,,,,
,,,,,,,,,,,,,,,,,"196,00",,,,,,,,,,,,"3.586.696,00",
,,,,,,,,,,,,,,,,,,,,,,,,,,,,,,
,Pot. :,,"0,00",,,,,Pajak :,,,"0,00",,,,Biaya :,,,"0,00",,,,,Total Akhir :,,,,,"3.586.696,00",,
,,,,,,,,,,,,,,,,,,,,,,,,,,,,,,
,,,,,,,,,,,,,,,,,,,,,,,,,,,,,,
,,,,,,,,,,,,,,,,,,,,,,,,,,,,,,
,1558/JL/UTM/0122,,,,,,1/3/2022,,,,,PL1085,,,,ABU AFGA PHR,,,,,,,,  ,,,,,,
,,,,,,,,,,,,,,,,,,,,,,,,,,,,,,
,No.,Kd. Item,,,,,Nama Item,,,,,,,,,,Jml,,Satuan,,,,,Harga,Pot. %,,,,Total,
,,,,,,,,,,,,,,,,,,,,,,,,,,,,,,
,1,TAS003,,,,,Madu Tasnim Visina 245 Ml,,,,,,,,,,"48,00",,PCS,,,,,"100.000,00","52,50",,,,"2.280.000,00",
,2,TAS007,,,,,Baby Drops 15 Ml- Tasnim,,,,,,,,,,"72,00",,PCS,,,,,"25.000,00","52,50",,,,"855.000,00",
,3,TAS008,,,,,Madu Herbal Tasnim Hitam 245 ml,,,,,,,,,,"36,00",,PCS,,,,,"100.000,00","52,50",,,,"1.710.000,00",
,4,TAS013,,,,,Madu Kidsna,,,,,,,,,,"24,00",,PCS,,,,,"40.000,00","50,00",,,,"480.000,00",
,,,,,,,,,,,,,,,,,,,,,,,,,,,,,,
,,,,,,,,,,,,,,,,,,,,,,,,,,,,,,
,,,,,,,,,,,,,,,,,"180,00",,,,,,,,,,,,"5.325.000,00",
,,,,,,,,,,,,,,,,,,,,,,,,,,,,,,
,Pot. :,,"0,00",,,,,Pajak :,,,"0,00",,,,Biaya :,,,"0,00",,,,,Total Akhir :,,,,,"5.325.000,00",,
,,,,,,,,,,,,,,,,,,,,,,,,,,,,,,
,,,,,,,,,,,,,,,,,,,,,,,,,,,,,,
,,,,,,,,,,,,,,,,,,,,,,,,,,,,,,
,1559/JL/UTM/0122,,,,,,1/4/2022,,,,,PL0902,,,,Mutiara Muslim Karawang,,,,,,,, Karawang ,,,,,,
,,,,,,,,,,,,,,,,,,,,,,,,,,,,,,
,No.,Kd. Item,,,,,Nama Item,,,,,,,,,,Jml,,Satuan,,,,,Harga,Pot. %,,,,Total,
,,,,,,,,,,,,,,,,,,,,,,,,,,,,,,
,1,ARB50,,,,,Tongkat Arab 210 ML,,,,,,,,,,"4,00",,PCS,,,,,"45.000,00","0,00",,,,"180.000,00",
,2,MK07,,,,,Madu Pria Perkasa 200ml,,,,,,,,,,"3,00",,PCS,,,,,"33.000,00","0,00",,,,"99.000,00",
,3,OTM06,,,,,Madu Aslam Mazied 350 gram,,,,,,,,,,"1,00",,PCS,,,,,"30.000,00","0,00",,,,"30.000,00",
,4,BHI05,,,,,Temulawak BIHERBI,,,,,,,,,,"1,00",,PCS,,,,,"16.500,00","0,00",,,,"16.500,00",
,5,BHI06,,,,,Kunyit Asem BIHERBI,,,,,,,,,,"2,00",,PCS,,,,,"16.500,00","0,00",,,,"33.000,00",
,,,,,,,,,,,,,,,,,,,,,,,,,,,,,,
,,,,,,,,,,,,,,,,,,,,,,,,,,,,,,
,,,,,,,,,,,,,,,,,"11,00",,,,,,,,,,,,"358.500,00",
,,,,,,,,,,,,,,,,,,,,,,,,,,,,,,
,Pot. :,,"0,00",,,,,Pajak :,,,"0,00",,,,Biaya :,,,"0,00",,,,,Total Akhir :,,,,,"358.500,00",,
,,,,,,,,,,,,,,,,,,,,,,,,,,,,,,
,,,,,,,,,,,,,,,,,,,,,,,,,,,,,,
,,,,,,,,,,,,,,,,,,,,,,,,,,,,,,
,1560/JL/UTM/0122,,,,,,1/10/2022,,,,,PL0062,,,,Pondok Ungu Herbal,,,,,,,, Bekasi Utara ,,,,,,
,,,,,,,,,,,,,,,,,,,,,,,,,,,,,,
,No.,Kd. Item,,,,,Nama Item,,,,,,,,,,Jml,,Satuan,,,,,Harga,Pot. %,,,,Total,
,,,,,,,,,,,,,,,,,,,,,,,,,,,,,,
,1,TAS011,,,,,Madu Tasnim Diabetana 245ml,,,,,,,,,,"6,00",,PCS,,,,,"40.000,00","0,00",,,,"240.000,00",
,2,NMU017,,,,,Manjakani Availia,,,,,,,,,,"2,00",,PCS,,,,,"55.000,00","0,00",,,,"110.000,00",
,,,,,,,,,,,,,,,,,,,,,,,,,,,,,,
,,,,,,,,,,,,,,,,,,,,,,,,,,,,,,
,,,,,,,,,,,,,,,,,"8,00",,,,,,,,,,,,"350.000,00",
,,,,,,,,,,,,,,,,,,,,,,,,,,,,,,
,Pot. :,,"0,00",,,,,,,,,,,,Biaya :,,,"0,00",,,,,,,,,,"350.000,00",,
,,,,,,,,Pajak :,,,"0,00",,,,,,,,,,,,Total Akhir :,,,,,,,
,,,,,,,,,,,,,,,,,,,,,,,,,,,,,,
,,,,,,,,,,,,,,,,,,,,,,,,,,,,,,
,,,,,,,,,,,,,,,,,,,,,,,,,,,,,,
,1561/JL/UTM/0122,,,,,,1/10/2022,,,,,PL0062,,,,Pondok Ungu Herbal,,,,,,,, Bekasi Utara ,,,,,,
,,,,,,,,,,,,,,,,,,,,,,,,,,,,,,
,No.,Kd. Item,,,,,Nama Item,,,,,,,,,,Jml,,Satuan,,,,,Harga,Pot. %,,,,Total,
,,,,,,,,,,,,,,,,,,,,,,,,,,,,,,
,1,NMU015,,,,,Madu Demavir-310 gram,,,,,,,,,,"1,00",,PCS,,,,,"50.000,00","0,00",,,,"50.000,00",
,2,BHI03,,,,,Jahe Merah FULL AREN BIHERBI,,,,,,,,,,"3,00",,PCS,,,,,"19.000,00","0,00",,,,"57.000,00",
,3,BHI04,,,,,Jahe MERAH PLUS AREN BIHERBI,,,,,,,,,,"3,00",,PCS,,,,,"16.500,00","0,00",,,,"49.500,00",
,4,BHI05,,,,,Temulawak BIHERBI,,,,,,,,,,"3,00",,PCS,,,,,"16.500,00","0,00",,,,"49.500,00",
,5,BHI06,,,,,Kunyit Asem BIHERBI,,,,,,,,,,"2,00",,PCS,,,,,"16.500,00","0,00",,,,"33.000,00",
,,,,,,,,,,,,,,,,,,,,,,,,,,,,,,
,,,,,,,,,,,,,,,,,,,,,,,,,,,,,,
,,,,,,,,,,,,,,,,,"12,00",,,,,,,,,,,,"239.000,00",
,,,,,,,,,,,,,,,,,,,,,,,,,,,,,,
,Pot. :,,"0,00",,,,,Pajak :,,,"0,00",,,,Biaya :,,,"0,00",,,,,Total Akhir :,,,,,"239.000,00",,
,,,,,,,,,,,,,,,,,,,,,,,,,,,,,,
,,,,,,,,,,,,,,,,,,,,,,,,,,,,,,
,,,,,,,,,,,,,,,,,,,,,,,,,,,,,,
,1562/JL/UTM/0122,,,,,,1/10/2022,,,,,PL0867,,,,Sahlan Herbal,,,,,,,,  ,,,,,,
,,,,,,,,,,,,,,,,,,,,,,,,,,,,,,
,No.,Kd. Item,,,,,Nama Item,,,,,,,,,,Jml,,Satuan,,,,,Harga,Pot. %,,,,Total,
,,,,,,,,,,,,,,,,,,,,,,,,,,,,,,
,1,HERB036,,,,,MBH Madu Batuk Herbal,,,,,,,,,,"3,00",,PCS,,,,,"27.000,00","0,00",,,,"81.000,00",
,,,,,,,,,,,,,,,,,,,,,,,,,,,,,,
,,,,,,,,,,,,,,,,,,,,,,,,,,,,,,
,,,,,,,,,,,,,,,,,"3,00",,,,,,,,,,,,"81.000,00",
,,,,,,,,,,,,,,,,,,,,,,,,,,,,,,
,Pot. :,,"0,00",,,,,Pajak :,,,"0,00",,,,Biaya :,,,"0,00",,,,,Total Akhir :,,,,,"81.000,00",,
,,,,,,,,,,,,,,,,,,,,,,,,,,,,,,
,,,,,,,,,,,,,,,,,,,,,,,,,,,,,,
,,,,,,,,,,,,,,,,,,,,,,,,,,,,,,
,1563/JL/UTM/0122,,,,,,1/10/2022,,,,,PL0868,,,,Faruq Herbal,,,,,,,, Bekasi Utara ,,,,,,
,,,,,,,,,,,,,,,,,,,,,,,,,,,,,,
,No.,Kd. Item,,,,,Nama Item,,,,,,,,,,Jml,,Satuan,,,,,Harga,Pot. %,,,,Total,
,,,,,,,,,,,,,,,,,,,,,,,,,,,,,,
,1,ARB039,,,,,Madu Alief Karet 1 kg,,,,,,,,,,"1,00",,PCS,,,,,"117.000,00","0,00",,,,"117.000,00",
,2,SA03,,,,,Sari Kurma Angkak Zahira 280 gr,,,,,,,,,,"1,00",,PCS,,,,,"25.000,00","0,00",,,,"25.000,00",
,3,SH04,,,,,Madu Sirup Gurah Asyifa,,,,,,,,,,"1,00",,PCS,,,,,"31.500,00","0,00",,,,"31.500,00",
,,,,,,,,,,,,,,,,,,,,,,,,,,,,,,
,,,,,,,,,,,,,,,,,,,,,,,,,,,,,,
,,,,,,,,,,,,,,,,,"3,00",,,,,,,,,,,,"173.500,00",
,,,,,,,,,,,,,,,,,,,,,,,,,,,,,,
,Pot. :,,"0,00",,,,,Pajak :,,,"0,00",,,,Biaya :,,,"0,00",,,,,Total Akhir :,,,,,"173.500,00",,
,,,,,,,,,,,,,,,,,,,,,,,,,,,,,,
,,,,,,,,,,,,,,,,,,,,,,,,,,,,,,
,,,,,,,,,,,,,,,,,,,,,,,,,,,,,,
,1564/JL/UTM/0122,,,,,,1/11/2022,,,,,PL0291,,,,Mas Dul,,,,,,,,  ,,,,,,
,,,,,,,,,,,,,,,,,,,,,,,,,,,,,,
,No.,Kd. Item,,,,,Nama Item,,,,,,,,,,Jml,,Satuan,,,,,Harga,Pot. %,,,,Total,
,,,,,,,,,,,,,,,,,,,,,,,,,,,,,,
,1,ARB50,,,,,Tongkat Arab 210 ML,,,,,,,,,,"22,00",,PCS,,,,,"42.000,00","0,00",,,,"924.000,00",
,,,,,,,,,,,,,,,,,,,,,,,,,,,,,,
,,,,,,,,,,,,,,,,,,,,,,,,,,,,,,
,,,,,,,,,,,,,,,,,"22,00",,,,,,,,,,,,"924.000,00",
,,,,,,,,,,,,,,,,,,,,,,,,,,,,,,
,Pot. :,,"0,00",,,,,Pajak :,,,"0,00",,,,Biaya :,,,"0,00",,,,,Total Akhir :,,,,,"924.000,00",,
,,,,,,,,,,,,,,,,,,,,,,,,,,,,,,
,,,,,,,,,,,,,,,,,,,,,,,,,,,,,,
,,,,,,,,,,,,,,,,,,,,,,,,,,,,,,
,1565/JL/UTM/0122,,,,,,1/11/2022,,,,,PL0506,,,,Fatimah Herbal,,,,,,,,  ,,,,,,
,,,,,,,,,,,,,,,,,,,,,,,,,,,,,,
,No.,Kd. Item,,,,,Nama Item,,,,,,,,,,Jml,,Satuan,,,,,Harga,Pot. %,,,,Total,
,,,,,,,,,,,,,,,,,,,,,,,,,,,,,,
,1,ARFH001,,,,,Suka Etawa Vanila 200 gr,,,,,,,,,,"3,00",,PCS,,,,,"18.000,00","0,00",,,,"54.000,00",
,,,,,,,,,,,,,,,,,,,,,,,,,,,,,,
,,,,,,,,,,,,,,,,,,,,,,,,,,,,,,
,,,,,,,,,,,,,,,,,"3,00",,,,,,,,,,,,"54.000,00",
,,,,,,,,,,,,,,,,,,,,,,,,,,,,,,
,Pot. :,,"0,00",,,,,Pajak :,,,"0,00",,,,Biaya :,,,"0,00",,,,,Total Akhir :,,,,,"54.000,00",,
,,,,,,,,,,,,,,,,,,,,,,,,,,,,,,
,,,,,,,,,,,,,,,,,,,,,,,,,,,,,,
,,,,,,,,,,,,,,,,,,,,,,,,,,,,,,
,1566/JL/UTM/0122,,,,,,1/11/2022,,,,,PL0501,,,,ABU UMAIR/SALFA HERBAL,,,,,,,,SETU  ,,,,,,
,,,,,,,,,,,,,,,,,,,,,,,,,,,,,,
,,,,,,,,,,,,,,,,,,,,,,,,,,,,,,
,No.,Kd. Item,,,,,Nama Item,,,,,,,,,,Jml,,Satuan,,,,,Harga,Pot. %,,,,Total,
,,,,,,,,,,,,,,,,,,,,,,,,,,,,,,
,1,BHI03,,,,,Jahe Merah FULL AREN BIHERBI,,,,,,,,,,"1,00",,PCS,,,,,"19.000,00","0,00",,,,"19.000,00",
,2,BHI04,,,,,Jahe MERAH PLUS AREN BIHERBI,,,,,,,,,,"3,00",,PCS,,,,,"16.500,00","0,00",,,,"49.500,00",
,3,BHI05,,,,,Temulawak BIHERBI,,,,,,,,,,"1,00",,PCS,,,,,"16.500,00","0,00",,,,"16.500,00",
,4,BHI06,,,,,Kunyit Asem BIHERBI,,,,,,,,,,"3,00",,PCS,,,,,"16.500,00","0,00",,,,"49.500,00",
,5,ARFH001,,,,,Suka Etawa Vanila 200 gr,,,,,,,,,,"1,00",,PCS,,,,,"18.000,00","0,00",,,,"18.000,00",
,,,,,,,,,,,,,,,,,,,,,,,,,,,,,,
,,,,,,,,,,,,,,,,,,,,,,,,,,,,,,
,,,,,,,,,,,,,,,,,"9,00",,,,,,,,,,,,"152.500,00",
,,,,,,,,,,,,,,,,,,,,,,,,,,,,,,
,Pot. :,,"0,00",,,,,Pajak :,,,"0,00",,,,Biaya :,,,"0,00",,,,,Total Akhir :,,,,,"152.500,00",,
,,,,,,,,,,,,,,,,,,,,,,,,,,,,,,
,,,,,,,,,,,,,,,,,,,,,,,,,,,,,,
,,,,,,,,,,,,,,,,,,,,,,,,,,,,,,
,1567/JL/UTM/0122,,,,,,1/11/2022,,,,,PL0507,,,,Gapura Herbal,,,,,,,,  ,,,,,,
,,,,,,,,,,,,,,,,,,,,,,,,,,,,,,
,No.,Kd. Item,,,,,Nama Item,,,,,,,,,,Jml,,Satuan,,,,,Harga,Pot. %,,,,Total,
,,,,,,,,,,,,,,,,,,,,,,,,,,,,,,
,1,ARFH001,,,,,Suka Etawa Vanila 200 gr,,,,,,,,,,"5,00",,PCS,,,,,"18.000,00","0,00",,,,"90.000,00",
,,,,,,,,,,,,,,,,,,,,,,,,,,,,,,
,,,,,,,,,,,,,,,,,,,,,,,,,,,,,,
,,,,,,,,,,,,,,,,,"5,00",,,,,,,,,,,,"90.000,00",
,,,,,,,,,,,,,,,,,,,,,,,,,,,,,,
,Pot. :,,"0,00",,,,,Pajak :,,,"0,00",,,,Biaya :,,,"0,00",,,,,Total Akhir :,,,,,"90.000,00",,
,,,,,,,,,,,,,,,,,,,,,,,,,,,,,,
,,,,,,,,,,,,,,,,,,,,,,,,,,,,,,
,,,,,,,,,,,,,,,,,,,,,,,,,,,,,,
,1568/JL/UTM/0122,,,,,,1/12/2022,,,,,PL0896,,,,Khalifah Herbal,,,,,,,,  ,,,,,,
,,,,,,,,,,,,,,,,,,,,,,,,,,,,,,
,No.,Kd. Item,,,,,Nama Item,,,,,,,,,,Jml,,Satuan,,,,,Harga,Pot. %,,,,Total,
,,,,,,,,,,,,,,,,,,,,,,,,,,,,,,
,1,ARB011,,,,,Sari Kurma Original 330gr- ARBA'IN,,,,,,,,,,"1,00",,PCS,,,,,"15.000,00","0,00",,,,"15.000,00",
,2,NMU015,,,,,Madu Demavir-310 gram,,,,,,,,,,"1,00",,PCS,,,,,"55.000,00","0,00",,,,"55.000,00",
,3,ARB50,,,,,Tongkat Arab 210 ML,,,,,,,,,,"1,00",,PCS,,,,,"45.000,00","0,00",,,,"45.000,00",
,4,NMU016,,,,,Madu Cholurat 280gr,,,,,,,,,,"1,00",,PCS,,,,,"65.000,00","0,00",,,,"65.000,00",
,,,,,,,,,,,,,,,,,,,,,,,,,,,,,,
,,,,,,,,,,,,,,,,,,,,,,,,,,,,,,
,,,,,,,,,,,,,,,,,"4,00",,,,,,,,,,,,"180.000,00",
,,,,,,,,,,,,,,,,,,,,,,,,,,,,,,
,Pot. :,,"0,00",,,,,Pajak :,,,"0,00",,,,Biaya :,,,"0,00",,,,,Total Akhir :,,,,,"180.000,00",,
,,,,,,,,,,,,,,,,,,,,,,,,,,,,,,
,,,,,,,,,,,,,,,,,,,,,,,,,,,,,,
,,,,,,,,,,,,,,,,,,,,,,,,,,,,,,
,,,,,,,,,,,,,,,,,,,,,,,,,,,,,,
,1569/JL/UTM/0122,,,,,,1/12/2022,,,,,PL0840,,,,Toko Nabila Agency,,,,,,,,  ,,,,,,
,,,,,,,,,,,,,,,,,,,,,,,,,,,,,,
,No.,Kd. Item,,,,,Nama Item,,,,,,,,,,Jml,,Satuan,,,,,Harga,Pot. %,,,,Total,
,,,,,,,,,,,,,,,,,,,,,,,,,,,,,,
,1,ARB012,,,,,Sari Kurma Jambu 330gr- ARBA'IN,,,,,,,,,,"1,00",,PCS,,,,,"21.000,00","0,00",,,,"21.000,00",
,2,ARFH001,,,,,Suka Etawa Vanila 200 gr,,,,,,,,,,"1,00",,PCS,,,,,"18.000,00","0,00",,,,"18.000,00",
,,,,,,,,,,,,,,,,,,,,,,,,,,,,,,
,,,,,,,,,,,,,,,,,,,,,,,,,,,,,,
,,,,,,,,,,,,,,,,,"2,00",,,,,,,,,,,,"39.000,00",
,,,,,,,,,,,,,,,,,,,,,,,,,,,,,,
,Pot. :,,"0,00",,,,,Pajak :,,,"0,00",,,,Biaya :,,,"0,00",,,,,Total Akhir :,,,,,"39.000,00",,
,,,,,,,,,,,,,,,,,,,,,,,,,,,,,,
,,,,,,,,,,,,,,,,,,,,,,,,,,,,,,
,,,,,,,,,,,,,,,,,,,,,,,,,,,,,,
,1570/JL/UTM/0122,,,,,,1/13/2022,,,,,PL0979,,,,Hadi Rawa Lumbu,,,,,,,,  ,,,,,,
,,,,,,,,,,,,,,,,,,,,,,,,,,,,,,
,No.,Kd. Item,,,,,Nama Item,,,,,,,,,,Jml,,Satuan,,,,,Harga,Pot. %,,,,Total,
,,,,,,,,,,,,,,,,,,,,,,,,,,,,,,
,1,ARB039,,,,,Madu Alief Karet 1 kg,,,,,,,,,,"1,00",,PCS,,,,,"107.250,00","0,00",,,,"107.250,00",
,2,ARB61,,,,,Madu Alief Kaliandra 1kg,,,,,,,,,,"1,00",,PCS,,,,,"143.000,00","0,00",,,,"143.000,00",
,3,ARB024,,,,,Md Bunga Randu 135 ml,,,,,,,,,,"1,00",,PCS,,,,,"33.000,00","0,00",,,,"33.000,00",
,4,ARB036,,,,,Md Kelengkeng Plus 135 ml,,,,,,,,,,"1,00",,PCS,,,,,"39.000,00","0,00",,,,"39.000,00",
,5,ARB50,,,,,Tongkat Arab 210 ML,,,,,,,,,,"7,00",,PCS,,,,,"42.000,00","0,00",,,,"294.000,00",
,6,ARB011,,,,,Sari Kurma Original 330gr- ARBA'IN,,,,,,,,,,"1,00",,PCS,,,,,"14.500,00","0,00",,,,"14.500,00",
,7,ARB013,,,,,Sari Kurma Madu 330gr-ARBA'IN,,,,,,,,,,"1,00",,PCS,,,,,"18.000,00","0,00",,,,"18.000,00",
,8,LS02,,,,,Minyak Zaitun Lisani 250 ml,,,,,,,,,,"10,00",,PCS,,,,,"42.000,00","0,00",,,,"420.000,00",
,9,LS03,,,,,Minyak Zaitun LISANI 3 LITER,,,,,,,,,,"1,00",,PCS,,,,,"265.000,00","0,00",,,,"265.000,00",
,10,LS01,,,,,Minyak Zaitun LISANI 500ML,,,,,,,,,,"1,00",,PCS,,,,,"67.000,00","0,00",,,,"67.000,00",
,11,SHA01,,,,,MADU SAHABAT KU 1 KG,,,,,,,,,,"2,00",,PCS,,,,,"93.000,00","0,00",,,,"186.000,00",
,12,ARFH08,,,,,Susu CL Strum 200gr,,,,,,,,,,"1,00",,PCS,,,,,"35.000,00","0,00",,,,"35.000,00",
,13,SY03,,,,,Syifamilk Coklat 350 gr,,,,,,,,,,"2,00",,PCS,,,,,"26.000,00","0,00",,,,"52.000,00",
,14,BHI03,,,,,Jahe Merah FULL AREN BIHERBI,,,,,,,,,,"2,00",,PCS,,,,,"19.000,00","0,00",,,,"38.000,00",
,15,BHI04,,,,,Jahe MERAH PLUS AREN BIHERBI,,,,,,,,,,"1,00",,PCS,,,,,"16.500,00","0,00",,,,"16.500,00",
,16,BHI06,,,,,Kunyit Asem BIHERBI,,,,,,,,,,"2,00",,PCS,,,,,"16.500,00","0,00",,,,"33.000,00",
,,,,,,,,,,,,,,,,,,,,,,,,,,,,,,
,,,,,,,,,,,,,,,,,,,,,,,,,,,,,,
,,,,,,,,,,,,,,,,,"35,00",,,,,,,,,,,,"1.761.250,00",
,,,,,,,,,,,,,,,,,,,,,,,,,,,,,,
,Pot. :,,"0,00",,,,,Pajak :,,,"0,00",,,,Biaya :,,,"0,00",,,,,Total Akhir :,,,,,"1.761.250,00",,
,,,,,,,,,,,,,,,,,,,,,,,,,,,,,,
,,,,,,,,,,,,,,,,,,,,,,,,,,,,,,
,,,,,,,,,,,,,,,,,,,,,,,,,,,,,,
,1571/JL/UTM/0122,,,,,,1/13/2022,,,,,PL1035,,,,TOKO KARAM GROSIR,,,,,,,,  ,,,,,,
,,,,,,,,,,,,,,,,,,,,,,,,,,,,,,
,No.,Kd. Item,,,,,Nama Item,,,,,,,,,,Jml,,Satuan,,,,,Harga,Pot. %,,,,Total,
,,,,,,,,,,,,,,,,,,,,,,,,,,,,,,
,1,MC001,,,,,Madu Maag Zestmag,,,,,,,,,,"2,00",,PCS,,,,,"130.500,00","0,00",,,,"261.000,00",
,2,MCC0010,,,,,Madu Gurahft,,,,,,,,,,"1,00",,PCS,,,,,"130.500,00","0,00",,,,"130.500,00",
,3,SH02,,,,,Madu Gemuk Sehat IQ Asyifa,,,,,,,,,,"5,00",,PCS,,,,,"23.400,00","0,00",,,,"117.000,00",
,4,SH04,,,,,Madu Sirup Gurah Asyifa,,,,,,,,,,"8,00",,PCS,,,,,"25.650,00","0,00",,,,"205.200,00",
,5,SH01,,,,,Madu flu & Batuk 9 in 1 Asyifa,,,,,,,,,,"2,00",,PCS,,,,,"19.350,00","0,00",,,,"38.700,00",
,6,SH03,,,,,Madu Sehat Lambung Asyifa,,,,,,,,,,"4,00",,PCS,,,,,"30.600,00","0,00",,,,"122.400,00",
,7,TAS008,,,,,Madu Herbal Tasnim Hitam 245 ml,,,,,,,,,,"1,00",,PCS,,,,,"50.000,00","0,00",,,,"50.000,00",
,8,TAS006,,,,,Oleska 15 Ml- Tasnim,,,,,,,,,,"1,00",,PCS,,,,,"17.500,00","0,00",,,,"17.500,00",
,9,HERB036,,,,,MBH Madu Batuk Herbal,,,,,,,,,,"2,00",,PCS,,,,,"30.000,00","0,00",,,,"60.000,00",
,10,NMU012,,,,,Susu Kambing DA,,,,,,,,,,"1,00",,PCS,,,,,"35.000,00","0,00",,,,"35.000,00",
,11,MBS02,,,,,Madu Hutan 500 gram Barokah,,,,,,,,,,"1,00",,PCS,,,,,"53.000,00","0,00",,,,"53.000,00",
,12,JHP64,,,,,Jahe Merah H64,,,,,,,,,,"8,00",,PCS,,,,,"6.250,00","0,00",,,,"50.000,00",
,13,BHI03,,,,,Jahe Merah FULL AREN BIHERBI,,,,,,,,,,"8,00",,PCS,,,,,"19.000,00","0,00",,,,"152.000,00",
,14,BHI04,,,,,Jahe MERAH PLUS AREN BIHERBI,,,,,,,,,,"6,00",,PCS,,,,,"16.500,00","0,00",,,,"99.000,00",
,15,BHI06,,,,,Kunyit Asem BIHERBI,,,,,,,,,,"4,00",,PCS,,,,,"16.500,00","0,00",,,,"66.000,00",
,16,BHI05,,,,,Temulawak BIHERBI,,,,,,,,,,"3,00",,PCS,,,,,"16.500,00","0,00",,,,"49.500,00",
,17,BHI07,,,,,Kunir Putih BIHERBI,,,,,,,,,,"1,00",,PCS,,,,,"16.500,00","0,00",,,,"16.500,00",
,18,BHI01,,,,,Madu Hitam Pahit Gamat BEHERBI,,,,,,,,,,"1,00",,PCS,,,,,"27.000,00","0,00",,,,"27.000,00",
,19,BHI02,,,,,Madu TROMBOMEX BEHERBI,,,,,,,,,,"1,00",,PCS,,,,,"28.000,00","0,00",,,,"28.000,00",
,20,THB015,,,,,Kapsul Trigona 200 kp THB,,,,,,,,,,"4,00",,PCS,,,,,"50.000,00","0,00",,,,"200.000,00",
,21,THB016,,,,,Kapsul Trigona 100 kpp THB,,,,,,,,,,"4,00",,PCS,,,,,"30.000,00","0,00",,,,"120.000,00",
,22,THB08,,,,,Herbasauda 200 kp,,,,,,,,,,"2,00",,PCS,,,,,"60.000,00","0,00",,,,"120.000,00",
,23,THB09,,,,,HerbaSauda 100 kp,,,,,,,,,,"1,00",,PCS,,,,,"32.500,00","0,00",,,,"32.500,00",
,24,NMU001,,,,,Madu Hitam Ratu Lebah 460 gR,,,,,,,,,,"1,00",,PCS,,,,,"39.000,00","0,00",,,,"39.000,00",
,25,ARFH001,,,,,Suka Etawa Vanila 200 gr,,,,,,,,,,"5,00",,PCS,,,,,"16.500,00","0,00",,,,"82.500,00",
,26,SY01,,,,,Syifamilk Vanila 350 gr,,,,,,,,,,"2,00",,PCS,,,,,"26.000,00","0,00",,,,"52.000,00",
,27,SY02,,,,,Syifamilk Full  cream 350 gr,,,,,,,,,,"1,00",,PCS,,,,,"26.000,00","0,00",,,,"26.000,00",
,28,SY03,,,,,Syifamilk Coklat 350 gr,,,,,,,,,,"4,00",,PCS,,,,,"26.000,00","0,00",,,,"104.000,00",
,29,MDB06,,,,,Madu Pereda batuk An Nasr 175gr,,,,,,,,,,"1,00",,PCS,,,,,"20.000,00","0,00",,,,"20.000,00",
,30,HB002,,,,,Madu Ajaban Pahit 470 gram,,,,,,,,,,"2,00",,PCS,,,,,"35.000,00","0,00",,,,"70.000,00",
,31,GHO0002,,,,,Madu Benlap,,,,,,,,,,"2,00",,PCS,,,,,"35.000,00","0,00",,,,"70.000,00",
,32,GHO0001,,,,,Madu Dzakydat,,,,,,,,,,"1,00",,PCS,,,,,"35.000,00","0,00",,,,"35.000,00",
,33,GHO0003,,,,,Kapsul Benjos,,,,,,,,,,"1,00",,PCS,,,,,"70.000,00","0,00",,,,"70.000,00",
,34,MDH01,,,,,Madu Hutan Kalimantan 500-Gholiban,,,,,,,,,,"2,00",,PCS,,,,,"25.000,00","0,00",,,,"50.000,00",
,35,MDH02,,,,,Madu Hutan Kalimantan 1kg-GHOLIBAN,,,,,,,,,,"2,00",,PCS,,,,,"40.000,00","0,00",,,,"80.000,00",
,36,MGH0001,,,,,Sari Kurma Angkak GH,,,,,,,,,,"3,00",,PCS,,,,,"30.000,00","0,00",,,,"90.000,00",
,37,QB04,,,,,Madu Batuk gholiban,,,,,,,,,,"1,00",,PCS,,,,,"30.000,00","0,00",,,,"30.000,00",
,38,QB03,,,,,Madu Bensue,,,,,,,,,,"1,00",,PCS,,,,,"42.500,00","0,00",,,,"42.500,00",
,39,QB01,,,,,Madu Magbur,,,,,,,,,,"1,00",,PCS,,,,,"30.000,00","0,00",,,,"30.000,00",
,40,CBM001,,,,,Sari Kurma Cap Ajwa 350gr,,,,,,,,,,"3,00",,PCS,,,,,"27.000,00","0,00",,,,"81.000,00",
,41,CBM002,,,,,Sari Kurma Angkak Cap Ajwa 350gr,,,,,,,,,,"1,00",,PCS,,,,,"33.000,00","0,00",,,,"33.000,00",
,42,JAD002,,,,,Madu Jadied Masela,,,,,,,,,,"1,00",,PCS,,,,,"18.750,00","0,00",,,,"18.750,00",
,43,ARB129,,,,,Habba 2 pro 60 kp,,,,,,,,,,"1,00",,PCS,,,,,"24.000,00","0,00",,,,"24.000,00",
,44,ARB114,,,,,Minyak Habbatussauda 60kp ARBAIN,,,,,,,,,,"1,00",,PCS,,,,,"25.000,00","0,00",,,,"25.000,00",
,45,ARB112,,,,,Minyak Habbatussauda 200kp ARBAIN,,,,,,,,,,"1,00",,PCS,,,,,"64.000,00","0,00",,,,"64.000,00",
,46,ARB117,,,,,Serbuk Habbatusauda 100kp ARBAIN,,,,,,,,,,"2,00",,PCS,,,,,"32.000,00","0,00",,,,"64.000,00",
,47,ARB111,,,,,Minyak Zaitun Olive oil 60kp ARBAIN,,,,,,,,,,"4,00",,PCS,,,,,"19.000,00","0,00",,,,"76.000,00",
,48,ARB110,,,,,Minyak Zaitun Olive oil 100kp ARBAIN,,,,,,,,,,"3,00",,PCS,,,,,"24.000,00","0,00",,,,"72.000,00",
,49,ARB100,,,,,Minyak Zaitun Olive Oil 200kp ARBAIN,,,,,,,,,,"1,00",,PCS,,,,,"39.000,00","0,00",,,,"39.000,00",
,50,ARB123,,,,,Sabun Spirulina colagen - ARBAIN,,,,,,,,,,"3,00",,PCS,,,,,"12.500,00","0,00",,,,"37.500,00",
,51,ARB50,,,,,Tongkat Arab 210 ML,,,,,,,,,,"2,00",,PCS,,,,,"45.000,00","0,00",,,,"90.000,00",
,52,ARB052,,,,,Sari Kurma Angkak 330gr ARBAIN,,,,,,,,,,"2,00",,PCS,,,,,"24.000,00","0,00",,,,"48.000,00",
,53,ARB011,,,,,Sari Kurma Original 330gr- ARBA'IN,,,,,,,,,,"8,00",,PCS,,,,,"14.500,00","0,00",,,,"116.000,00",
,54,ARB037,,,,,Madu Alief Hutan 1 kg,,,,,,,,,,"2,00",,PCS,,,,,"136.500,00","0,00",,,,"273.000,00",
,,,,,,,,,,,,,,,,,,,,,,,,,,,,,,
,,,,,,,,,,,,,,,,,,,,,,,,,,,,,,
,,,,,,,,,,,,,,,,,"136,00",,,,,,,,,,,,"4.003.050,00",
,,,,,,,,,,,,,,,,,,,,,,,,,,,,,,
,Pot. :,,"0,00",,,,,Pajak :,,,"0,00",,,,Biaya :,,,"0,00",,,,,Total Akhir :,,,,,"4.003.050,00",,
,,,,,,,,,,,,,,,,,,,,,,,,,,,,,,
,,,,,,,,,,,,,,,,,,,,,,,,,,,,,,
,,,,,,,,,,,,,,,,,,,,,,,,,,,,,,
,1572/JL/UTM/0122,,,,,,1/13/2022,,,,,PL1035,,,,TOKO KARAM GROSIR,,,,,,,,  ,,,,,,
,,,,,,,,,,,,,,,,,,,,,,,,,,,,,,
,No.,Kd. Item,,,,,Nama Item,,,,,,,,,,Jml,,Satuan,,,,,Harga,Pot. %,,,,Total,
,,,,,,,,,,,,,,,,,,,,,,,,,,,,,,
,1,PH030,,,,,Lamandel Kotak,,,,,,,,,,"1,00",,PCS,,,,,"20.000,00","0,00",,,,"20.000,00",
,2,PH100,,,,,Minyak VCO PHDA,,,,,,,,,,"5,00",,PAK,,,,,"16.500,00","0,00",,,,"82.500,00",
,3,JEL02,,,,,Jelly Gamat Gold G 500 ML,,,,,,,,,,"3,00",,PCS,,,,,"125.000,00","0,00",,,,"375.000,00",
,4,MBt01,,,,,Minyak But-But,,,,,,,,,,"6,00",,PCS,,,,,"26.500,00","0,00",,,,"159.000,00",
,5,HPAI01,,,,,Minyak herbal Sinergi,,,,,,,,,,"4,00",,PCS,,,,,"30.000,00","0,00",,,,"120.000,00",
,6,PH104,,,,,MD Gemuk Dus PHDA,,,,,,,,,,"3,00",,PCS,,,,,"35.500,00","0,00",,,,"106.500,00",
,7,PH106,,,,,MD Batuk Dus PHDA,,,,,,,,,,"1,00",,PAK,,,,,"20.500,00","0,00",,,,"20.500,00",
,8,HBS09,,,,,Innolife Assaudah 120 Kp,,,,,,,,,,"3,00",,PCS,,,,,"37.500,00","0,00",,,,"112.500,00",
,9,PH108,,,,,Habasyi Trigona 200 Kp PHDA,,,,,,,,,,"2,00",,PCS,,,,,"52.000,00","0,00",,,,"104.000,00",
,10,PH110,,,,,MD Lanang,,,,,,,,,,"2,00",,PCS,,,,,"37.500,00","0,00",,,,"75.000,00",
,11,PH111,,,,,ZETAFLIM,,,,,,,,,,"2,00",,PCS,,,,,"248.500,00","0,00",,,,"497.000,00",
,12,PH116,,,,,Minyak Pijat PHDA,,,,,,,,,,"1,00",,PCS,,,,,"17.000,00","0,00",,,,"17.000,00",
,13,PH120,,,,,Minyak Zaitun MR 75 ml,,,,,,,,,,"1,00",,PCS,,,,,"18.500,00","0,00",,,,"18.500,00",
,14,SK01,,,,,Sari Kurma Al Jazira 360 Gr,,,,,,,,,,"1,00",,PCS,,,,,"17.000,00","0,00",,,,"17.000,00",
,15,Syamil,,,,,Syamil Anak,,,,,,,,,,"1,00",,PCS,,,,,"17.000,00","0,00",,,,"17.000,00",
,16,LB002,,,,,Madu Bajakah PHD,,,,,,,,,,"1,00",,PCS,,,,,"39.000,00","0,00",,,,"39.000,00",
,17,KAP021,,,,,Kapsul Vermint 30 Kp,,,,,,,,,,"1,00",,PCS,,,,,"34.500,00","0,00",,,,"34.500,00",
,18,PHD022,,,,,Fliymty,,,,,,,,,,"3,00",,PCS,,,,,"240.000,00","0,00",,,,"720.000,00",
,19,PHD24,,,,,Qusthl Hindi Binasyifa PHD,,,,,,,,,,"1,00",,PCS,,,,,"32.000,00","0,00",,,,"32.000,00",
,20,PHD026,,,,,Kutus kutus,,,,,,,,,,"2,00",,PCS,,,,,"110.000,00","0,00",,,,"220.000,00",
,21,PHD001,,,,,Pasta Gigi Halaqel,,,,,,,,,,"6,00",,PCS,,,,,"17.500,00","0,00",,,,"105.000,00",
,22,PHD0002,,,,,Madu Fice MAAG,,,,,,,,,,"3,00",,PCS,,,,,"37.500,00","0,00",,,,"112.500,00",
,23,PHD003,,,,,Madu Gurah PHD,,,,,,,,,,"2,00",,PCS,,,,,"37.500,00","0,00",,,,"75.000,00",
,,,,,,,,,,,,,,,,,,,,,,,,,,,,,,
,,,,,,,,,,,,,,,,,,,,,,,,,,,,,,
,,,,,,,,,,,,,,,,,"55,00",,,,,,,,,,,,"3.079.500,00",
,,,,,,,,,,,,,,,,,,,,,,,,,,,,,,
,Pot. :,,"0,00",,,,,Pajak :,,,"0,00",,,,Biaya :,,,"0,00",,,,,Total Akhir :,,,,,"3.079.500,00",,
,,,,,,,,,,,,,,,,,,,,,,,,,,,,,,
,,,,,,,,,,,,,,,,,,,,,,,,,,,,,,
,,,,,,,,,,,,,,,,,,,,,,,,,,,,,,
,1573/JL/UTM/0122,,,,,,1/13/2022,,,,,PL1007,,,,Mutiara Muslim Store,,,,,,,,  ,,,,,,
,,,,,,,,,,,,,,,,,,,,,,,,,,,,,,
,No.,Kd. Item,,,,,Nama Item,,,,,,,,,,Jml,,Satuan,,,,,Harga,Pot. %,,,,Total,
,,,,,,,,,,,,,,,,,,,,,,,,,,,,,,
,1,TAS003,,,,,Madu Tasnim Visina 245 Ml,,,,,,,,,,"60,00",,PCS,,,,,"100.000,00","53,00",,,,"2.820.000,00",
,2,TAS010,,,,,Mada Tasnim Akamor For Cancer 245ml,,,,,,,,,,"24,00",,PCS,,,,,"100.000,00","53,00",,,,"1.128.000,00",
,3,TAS007,,,,,Baby Drops 15 Ml- Tasnim,,,,,,,,,,"180,00",,PCS,,,,,"25.000,00","53,00",,,,"2.115.000,00",
,,,,,,,,,,,,,,,,,,,,,,,,,,,,,,
,,,,,,,,,,,,,,,,,,,,,,,,,,,,,,
,,,,,,,,,,,,,,,,,"264,00",,,,,,,,,,,,"6.063.000,00",
,,,,,,,,,,,,,,,,,,,,,,,,,,,,,,
,Pot. :,,"0,00",,,,,Pajak :,,,"0,00",,,,Biaya :,,,"0,00",,,,,Total Akhir :,,,,,"6.063.000,00",,
,,,,,,,,,,,,,,,,,,,,,,,,,,,,,,
,,,,,,,,,,,,,,,,,,,,,,,,,,,,,,
,,,,,,,,,,,,,,,,,,,,,,,,,,,,,,
,1575/JL/UTM/0122,,,,,,1/14/2022,,,,,PL0132,,,,Mas Adril,,,,,,,,  ,,,,,,
,,,,,,,,,,,,,,,,,,,,,,,,,,,,,,
,No.,Kd. Item,,,,,Nama Item,,,,,,,,,,Jml,,Satuan,,,,,Harga,Pot. %,,,,Total,
,,,,,,,,,,,,,,,,,,,,,,,,,,,,,,
,1,ARB61,,,,,Madu Alief Kaliandra 1kg,,,,,,,,,,"1,00",,PCS,,,,,"143.000,00","0,00",,,,"143.000,00",
,2,BHI03,,,,,Jahe Merah FULL AREN BIHERBI,,,,,,,,,,"3,00",,PCS,,,,,"19.000,00","0,00",,,,"57.000,00",
,3,BHI04,,,,,Jahe MERAH PLUS AREN BIHERBI,,,,,,,,,,"1,00",,PCS,,,,,"16.500,00","0,00",,,,"16.500,00",
,4,BHI06,,,,,Kunyit Asem BIHERBI,,,,,,,,,,"1,00",,PCS,,,,,"16.500,00","0,00",,,,"16.500,00",
,5,BHI02,,,,,Madu TROMBOMEX BEHERBI,,,,,,,,,,"1,00",,PCS,,,,,"28.000,00","0,00",,,,"28.000,00",
,6,OTM07,,,,,Madurtenz 350 gram Otoman,,,,,,,,,,"5,00",,PCS,,,,,"44.500,00","0,00",,,,"222.500,00",
,7,OTM10,,,,,Madu Bajakah Extra MAZIED 280 gram,,,,,,,,,,"3,00",,PCS,,,,,"26.500,00","0,00",,,,"79.500,00",
,8,OTM13,,,,,Madu Ambeigo Honey Otoman 250 ml,,,,,,,,,,"1,00",,PCS,,,,,"148.500,00","0,00",,,,"148.500,00",
,9,BHI05,,,,,Temulawak BIHERBI,,,,,,,,,,"3,00",,PCS,,,,,"16.500,00","0,00",,,,"49.500,00",
,,,,,,,,,,,,,,,,,,,,,,,,,,,,,,
,,,,,,,,,,,,,,,,,,,,,,,,,,,,,,
,,,,,,,,,,,,,,,,,"19,00",,,,,,,,,,,,"761.000,00",
,,,,,,,,,,,,,,,,,,,,,,,,,,,,,,
,Pot. :,,"0,00",,,,,Pajak :,,,"0,00",,,,Biaya :,,,"0,00",,,,,Total Akhir :,,,,,"761.000,00",,
,,,,,,,,,,,,,,,,,,,,,,,,,,,,,,
,,,,,,,,,,,,,,,,,,,,,,,,,,,,,,
,,,,,,,,,,,,,,,,,,,,,,,,,,,,,,
,1576/JL/UTM/0122,,,,,,1/14/2022,,,,,PL0905,,,,Sami Herbal,,,,,,,, Pondok Gede ,,,,,,
,,,,,,,,,,,,,,,,,,,,,,,,,,,,,,
,No.,Kd. Item,,,,,Nama Item,,,,,,,,,,Jml,,Satuan,,,,,Harga,Pot. %,,,,Total,
,,,,,,,,,,,,,,,,,,,,,,,,,,,,,,
,1,SH01,,,,,Madu flu & Batuk 9 in 1 Asyifa,,,,,,,,,,"24,00",,PCS,,,,,"19.000,00","0,00",,,,"456.000,00",
,2,TAS008,,,,,Madu Herbal Tasnim Hitam 245 ml,,,,,,,,,,"12,00",,PCS,,,,,"50.000,00","0,00",,,,"600.000,00",
,,,,,,,,,,,,,,,,,,,,,,,,,,,,,,
,,,,,,,,,,,,,,,,,,,,,,,,,,,,,,
,,,,,,,,,,,,,,,,,"36,00",,,,,,,,,,,,"1.056.000,00",
,,,,,,,,,,,,,,,,,,,,,,,,,,,,,,
,Pot. :,,"0,00",,,,,Pajak :,,,"0,00",,,,Biaya :,,,"0,00",,,,,Total Akhir :,,,,,"1.056.000,00",,
,,,,,,,,,,,,,,,,,,,,,,,,,,,,,,
,,,,,,,,,,,,,,,,,,,,,,,,,,,,,,
,,,,,,,,,,,,,,,,,,,,,,,,,,,,,,
,1577/JL/UTM/0122,,,,,,1/14/2022,,,,,PL0269,,,,Rahmat Herbal,,,,,,,,  ,,,,,,
,,,,,,,,,,,,,,,,,,,,,,,,,,,,,,
,No.,Kd. Item,,,,,Nama Item,,,,,,,,,,Jml,,Satuan,,,,,Harga,Pot. %,,,,Total,
,,,,,,,,,,,,,,,,,,,,,,,,,,,,,,
,1,H21,,,,,Madu Zuriat plus kurma ajwa,,,,,,,,,,"25,00",,PCS,,,,,"27.500,00","0,00",,,,"687.500,00",
,2,HERB016,,,,,Kapsul Zuriat 60ko - Herbal 21,,,,,,,,,,"12,00",,PCS,,,,,"21.000,00","0,00",,,,"252.000,00",
,3,TAS003,,,,,Madu Tasnim Visina 245 Ml,,,,,,,,,,"12,00",,PCS,,,,,"50.000,00","0,00",,,,"600.000,00",
,,,,,,,,,,,,,,,,,,,,,,,,,,,,,,
,,,,,,,,,,,,,,,,,,,,,,,,,,,,,,
,,,,,,,,,,,,,,,,,"49,00",,,,,,,,,,,,"1.539.500,00",
,,,,,,,,,,,,,,,,,,,,,,,,,,,,,,
,Pot. :,,"0,00",,,,,Pajak :,,,"0,00",,,,Biaya :,,,"0,00",,,,,Total Akhir :,,,,,"1.539.500,00",,
,,,,,,,,,,,,,,,,,,,,,,,,,,,,,,
,,,,,,,,,,,,,,,,,,,,,,,,,,,,,,
,,,,,,,,,,,,,,,,,,,,,,,,,,,,,,
,1574/JL/UTM/0122,,,,,,1/14/2022,,,,,PL0905,,,,Sami Herbal,,,,,,,, Pondok Gede ,,,,,,
,,,,,,,,,,,,,,,,,,,,,,,,,,,,,,
,No.,Kd. Item,,,,,Nama Item,,,,,,,,,,Jml,,Satuan,,,,,Harga,Pot. %,,,,Total,
,,,,,,,,,,,,,,,,,,,,,,,,,,,,,,
,1,HERB036,,,,,MBH Madu Batuk Herbal,,,,,,,,,,"25,00",,PCS,,,,,"23.000,00","0,00",,,,"575.000,00",
,2,JHP64,,,,,Jahe Merah H64,,,,,,,,,,"120,00",,PCS,,,,,"6.500,00","0,00",,,,"780.000,00",
,,,,,,,,,,,,,,,,,,,,,,,,,,,,,,
,,,,,,,,,,,,,,,,,,,,,,,,,,,,,,
,,,,,,,,,,,,,,,,,"145,00",,,,,,,,,,,,"1.355.000,00",
,,,,,,,,,,,,,,,,,,,,,,,,,,,,,,
,Pot. :,,"0,00",,,,,Pajak :,,,"0,00",,,,Biaya :,,,"0,00",,,,,Total Akhir :,,,,,"1.355.000,00",,
,,,,,,,,,,,,,,,,,,,,,,,,,,,,,,
,,,,,,,,,,,,,,,,,,,,,,,,,,,,,,
,,,,,,,,,,,,,,,,,,,,,,,,,,,,,,
,1578/JL/UTM/0122,,,,,,1/15/2022,,,,,PL0881,,,,Toko Riski Muslim,,,,,,,, CIKARANG1 ,,,,,,
,,,,,,,,,,,,,,,,,,,,,,,,,,,,,,
,No.,Kd. Item,,,,,Nama Item,,,,,,,,,,Jml,,Satuan,,,,,Harga,Pot. %,,,,Total,
,,,,,,,,,,,,,,,,,,,,,,,,,,,,,,
,1,BHI03,,,,,Jahe Merah FULL AREN BIHERBI,,,,,,,,,,"1,00",,PCS,,,,,"19.000,00","0,00",,,,"19.000,00",
,2,BHI04,,,,,Jahe MERAH PLUS AREN BIHERBI,,,,,,,,,,"1,00",,PCS,,,,,"16.500,00","0,00",,,,"16.500,00",
,3,BHI05,,,,,Temulawak BIHERBI,,,,,,,,,,"1,00",,PCS,,,,,"16.500,00","0,00",,,,"16.500,00",
,,,,,,,,,,,,,,,,,,,,,,,,,,,,,,
,,,,,,,,,,,,,,,,,,,,,,,,,,,,,,
,,,,,,,,,,,,,,,,,"3,00",,,,,,,,,,,,"52.000,00",
,,,,,,,,,,,,,,,,,,,,,,,,,,,,,,
,Pot. :,,"0,00",,,,,Pajak :,,,"0,00",,,,Biaya :,,,"0,00",,,,,Total Akhir :,,,,,"52.000,00",,
,,,,,,,,,,,,,,,,,,,,,,,,,,,,,,
,,,,,,,,,,,,,,,,,,,,,,,,,,,,,,
,,,,,,,,,,,,,,,,,,,,,,,,,,,,,,
,1579/JL/UTM/0122,,,,,,1/15/2022,,,,,PL0880,,,,Ahsan Herbal,,,,,,,, CIKARANG 1 ,,,,,,
,,,,,,,,,,,,,,,,,,,,,,,,,,,,,,
,No.,Kd. Item,,,,,Nama Item,,,,,,,,,,Jml,,Satuan,,,,,Harga,Pot. %,,,,Total,
,,,,,,,,,,,,,,,,,,,,,,,,,,,,,,
,1,ARFH001,,,,,Suka Etawa Vanila 200 gr,,,,,,,,,,"2,00",,PCS,,,,,"18.000,00","0,00",,,,"36.000,00",
,,,,,,,,,,,,,,,,,,,,,,,,,,,,,,
,,,,,,,,,,,,,,,,,,,,,,,,,,,,,,
,,,,,,,,,,,,,,,,,"2,00",,,,,,,,,,,,"36.000,00",
,,,,,,,,,,,,,,,,,,,,,,,,,,,,,,
,Pot. :,,"0,00",,,,,Pajak :,,,"0,00",,,,Biaya :,,,"0,00",,,,,Total Akhir :,,,,,"36.000,00",,
,,,,,,,,,,,,,,,,,,,,,,,,,,,,,,
,,,,,,,,,,,,,,,,,,,,,,,,,,,,,,
,,,,,,,,,,,,,,,,,,,,,,,,,,,,,,
,1580/JL/UTM/0122,,,,,,1/15/2022,,,,,PL0879,,,,Toko Herbal Kita,,,,,,,, CIKARANG 1 ,,,,,,
,,,,,,,,,,,,,,,,,,,,,,,,,,,,,,
,No.,Kd. Item,,,,,Nama Item,,,,,,,,,,Jml,,Satuan,,,,,Harga,Pot. %,,,,Total,
,,,,,,,,,,,,,,,,,,,,,,,,,,,,,,
,1,ARB053,,,,,Sari kurma PROPOLIS 330 gr ARBAIN,,,,,,,,,,"1,00",,PCS,,,,,"20.000,00","0,00",,,,"20.000,00",
,2,ARFH001,,,,,Suka Etawa Vanila 200 gr,,,,,,,,,,"2,00",,PCS,,,,,"18.000,00","0,00",,,,"36.000,00",
,,,,,,,,,,,,,,,,,,,,,,,,,,,,,,
,,,,,,,,,,,,,,,,,,,,,,,,,,,,,,
,,,,,,,,,,,,,,,,,"3,00",,,,,,,,,,,,"56.000,00",
,,,,,,,,,,,,,,,,,,,,,,,,,,,,,,
,Pot. :,,"0,00",,,,,Pajak :,,,"0,00",,,,Biaya :,,,"0,00",,,,,Total Akhir :,,,,,"56.000,00",,
,,,,,,,,,,,,,,,,,,,,,,,,,,,,,,
,,,,,,,,,,,,,,,,,,,,,,,,,,,,,,
,,,,,,,,,,,,,,,,,,,,,,,,,,,,,,
,1581/JL/UTM/0122,,,,,,1/17/2022,,,,,PL0888,,,,Toko Herbal Kirana,,,,,,,, CIKARANG 2 ,,,,,,
,,,,,,,,,,,,,,,,,,,,,,,,,,,,,,
,No.,Kd. Item,,,,,Nama Item,,,,,,,,,,Jml,,Satuan,,,,,Harga,Pot. %,,,,Total,
,,,,,,,,,,,,,,,,,,,,,,,,,,,,,,
,1,HERB036,,,,,MBH Madu Batuk Herbal,,,,,,,,,,"4,00",,PCS,,,,,"23.000,00","0,00",,,,"92.000,00",
,,,,,,,,,,,,,,,,,,,,,,,,,,,,,,
,,,,,,,,,,,,,,,,,,,,,,,,,,,,,,
,,,,,,,,,,,,,,,,,"4,00",,,,,,,,,,,,"92.000,00",
,,,,,,,,,,,,,,,,,,,,,,,,,,,,,,
,Pot. :,,"0,00",,,,,Pajak :,,,"0,00",,,,Biaya :,,,"0,00",,,,,Total Akhir :,,,,,"92.000,00",,
,,,,,,,,,,,,,,,,,,,,,,,,,,,,,,
,,,,,,,,,,,,,,,,,,,,,,,,,,,,,,
,,,,,,,,,,,,,,,,,,,,,,,,,,,,,,
,1582/JL/UTM/0122,,,,,,1/17/2022,,,,,PL0889,,,,Salim Herbal,,,,,,,, CIKARANG 2 ,,,,,,
,,,,,,,,,,,,,,,,,,,,,,,,,,,,,,
,No.,Kd. Item,,,,,Nama Item,,,,,,,,,,Jml,,Satuan,,,,,Harga,Pot. %,,,,Total,
,,,,,,,,,,,,,,,,,,,,,,,,,,,,,,
,1,ARFH001,,,,,Suka Etawa Vanila 200 gr,,,,,,,,,,"5,00",,PCS,,,,,"18.000,00","0,00",,,,"90.000,00",
,2,BHI03,,,,,Jahe Merah FULL AREN BIHERBI,,,,,,,,,,"1,00",,PCS,,,,,"19.000,00","0,00",,,,"19.000,00",
,3,BHI06,,,,,Kunyit Asem BIHERBI,,,,,,,,,,"1,00",,PCS,,,,,"16.500,00","0,00",,,,"16.500,00",
,,,,,,,,,,,,,,,,,,,,,,,,,,,,,,
,,,,,,,,,,,,,,,,,,,,,,,,,,,,,,
,,,,,,,,,,,,,,,,,"7,00",,,,,,,,,,,,"125.500,00",
,,,,,,,,,,,,,,,,,,,,,,,,,,,,,,
,Pot. :,,"0,00",,,,,,,,,,,,Biaya :,,,"0,00",,,,,,,,,,"125.500,00",,
,,,,,,,,Pajak :,,,"0,00",,,,,,,,,,,,Total Akhir :,,,,,,,
,,,,,,,,,,,,,,,,,,,,,,,,,,,,,,
,,,,,,,,,,,,,,,,,,,,,,,,,,,,,,
,,,,,,,,,,,,,,,,,,,,,,,,,,,,,,
,,,,,,,,,,,,,,,,,,,,,,,,,,,,,,
,1583/JL/UTM/0122,,,,,,1/17/2022,,,,,PL0882,,,,Ammar Herbal,,,,,,,, CIKARANG 1 ,,,,,,
,,,,,,,,,,,,,,,,,,,,,,,,,,,,,,
,No.,Kd. Item,,,,,Nama Item,,,,,,,,,,Jml,,Satuan,,,,,Harga,Pot. %,,,,Total,
,,,,,,,,,,,,,,,,,,,,,,,,,,,,,,
,1,JHP64,,,,,Jahe Merah H64,,,,,,,,,,"40,00",,PCS,,,,,"6.500,00","0,00",,,,"260.000,00",
,,,,,,,,,,,,,,,,,,,,,,,,,,,,,,
,,,,,,,,,,,,,,,,,,,,,,,,,,,,,,
,,,,,,,,,,,,,,,,,"40,00",,,,,,,,,,,,"260.000,00",
,,,,,,,,,,,,,,,,,,,,,,,,,,,,,,
,Pot. :,,"0,00",,,,,,,,,,,,Biaya :,,,"0,00",,,,,,,,,,"260.000,00",,
,,,,,,,,Pajak :,,,"0,00",,,,,,,,,,,,Total Akhir :,,,,,,,
,,,,,,,,,,,,,,,,,,,,,,,,,,,,,,
,,,,,,,,,,,,,,,,,,,,,,,,,,,,,,
,,,,,,,,,,,,,,,,,,,,,,,,,,,,,,
,1585/JL/UTM/0122,,,,,,1/18/2022,,,,,PL1086,,,,RUMAH RUBIK,,,,,,,,  ,,,,,,
,,,,,,,,,,,,,,,,,,,,,,,,,,,,,,
,No.,Kd. Item,,,,,Nama Item,,,,,,,,,,Jml,,Satuan,,,,,Harga,Pot. %,,,,Total,
,,,,,,,,,,,,,,,,,,,,,,,,,,,,,,
,1,BHI04,,,,,Jahe MERAH PLUS AREN BIHERBI,,,,,,,,,,"1,00",,PCS,,,,,"16.500,00","0,00",,,,"16.500,00",
,2,BHI06,,,,,Kunyit Asem BIHERBI,,,,,,,,,,"1,00",,PCS,,,,,"16.500,00","0,00",,,,"16.500,00",
,3,BHI07,,,,,Kunir Putih BIHERBI,,,,,,,,,,"1,00",,PCS,,,,,"16.500,00","0,00",,,,"16.500,00",
,,,,,,,,,,,,,,,,,,,,,,,,,,,,,,
,,,,,,,,,,,,,,,,,,,,,,,,,,,,,,
,,,,,,,,,,,,,,,,,"3,00",,,,,,,,,,,,"49.500,00",
,,,,,,,,,,,,,,,,,,,,,,,,,,,,,,
,Pot. :,,"0,00",,,,,Pajak :,,,"0,00",,,,Biaya :,,,"0,00",,,,,Total Akhir :,,,,,"49.500,00",,
,,,,,,,,,,,,,,,,,,,,,,,,,,,,,,
,,,,,,,,,,,,,,,,,,,,,,,,,,,,,,
,,,,,,,,,,,,,,,,,,,,,,,,,,,,,,
,1586/JL/UTM/0122,,,,,,1/18/2022,,,,,PL1038,,,,MADU MART PAYANGAN,,,,,,,,  ,,,,,,
,,,,,,,,,,,,,,,,,,,,,,,,,,,,,,
,No.,Kd. Item,,,,,Nama Item,,,,,,,,,,Jml,,Satuan,,,,,Harga,Pot. %,,,,Total,
,,,,,,,,,,,,,,,,,,,,,,,,,,,,,,
,1,HERB036,,,,,MBH Madu Batuk Herbal,,,,,,,,,,"2,00",,PCS,,,,,"27.000,00","0,00",,,,"54.000,00",
,,,,,,,,,,,,,,,,,,,,,,,,,,,,,,
,,,,,,,,,,,,,,,,,,,,,,,,,,,,,,
,,,,,,,,,,,,,,,,,"2,00",,,,,,,,,,,,"54.000,00",
,,,,,,,,,,,,,,,,,,,,,,,,,,,,,,
,Pot. :,,"0,00",,,,,Pajak :,,,"0,00",,,,Biaya :,,,"0,00",,,,,Total Akhir :,,,,,"54.000,00",,
,,,,,,,,,,,,,,,,,,,,,,,,,,,,,,
,,,,,,,,,,,,,,,,,,,,,,,,,,,,,,
,,,,,,,,,,,,,,,,,,,,,,,,,,,,,,
,1587/JL/UTM/0122,,,,,,1/19/2022,,,,,PL1087,,,,AZRA HERBAL,,,,,,,,  ,,,,,,
,,,,,,,,,,,,,,,,,,,,,,,,,,,,,,
,No.,Kd. Item,,,,,Nama Item,,,,,,,,,,Jml,,Satuan,,,,,Harga,Pot. %,,,,Total,
,,,,,,,,,,,,,,,,,,,,,,,,,,,,,,
,1,BHI03,,,,,Jahe Merah FULL AREN BIHERBI,,,,,,,,,,"2,00",,PCS,,,,,"19.000,00","0,00",,,,"38.000,00",
,2,BHI04,,,,,Jahe MERAH PLUS AREN BIHERBI,,,,,,,,,,"1,00",,PCS,,,,,"16.500,00","0,00",,,,"16.500,00",
,3,BHI05,,,,,Temulawak BIHERBI,,,,,,,,,,"1,00",,PCS,,,,,"16.500,00","0,00",,,,"16.500,00",
,4,BHI06,,,,,Kunyit Asem BIHERBI,,,,,,,,,,"2,00",,PCS,,,,,"16.500,00","0,00",,,,"33.000,00",
,,,,,,,,,,,,,,,,,,,,,,,,,,,,,,
,,,,,,,,,,,,,,,,,,,,,,,,,,,,,,
,,,,,,,,,,,,,,,,,"6,00",,,,,,,,,,,,"104.000,00",
,,,,,,,,,,,,,,,,,,,,,,,,,,,,,,
,Pot. :,,"0,00",,,,,Pajak :,,,"0,00",,,,Biaya :,,,"0,00",,,,,Total Akhir :,,,,,"104.000,00",,
,,,,,,,,,,,,,,,,,,,,,,,,,,,,,,
,,,,,,,,,,,,,,,,,,,,,,,,,,,,,,
,,,,,,,,,,,,,,,,,,,,,,,,,,,,,,
,1584/JL/UTM/0122,,,,,,1/19/2022,,,,,PL0528,,,,HERBAL KAYU TINGGI,,,,,,,,Cakung  ,,,,,,
,,,,,,,,,,,,,,,,,,,,,,,,,,,,,,
,No.,Kd. Item,,,,,Nama Item,,,,,,,,,,Jml,,Satuan,,,,,Harga,Pot. %,,,,Total,
,,,,,,,,,,,,,,,,,,,,,,,,,,,,,,
,1,ARFH001,,,,,Suka Etawa Vanila 200 gr,,,,,,,,,,"2,00",,PCS,,,,,"18.000,00","0,00",,,,"36.000,00",
,2,ARFH003,,,,,Suka Etawa Vanila 500 gr,,,,,,,,,,"4,00",,PCS,,,,,"38.000,00","0,00",,,,"152.000,00",
,3,MDA013,,,,,Madu Ajaban Gold 13 In 1 150 Gr,,,,,,,,,,"2,00",,PCS,,,,,"13.500,00","0,00",,,,"27.000,00",
,4,LS02,,,,,Minyak Zaitun Lisani 250 ml,,,,,,,,,,"2,00",,PCS,,,,,"45.000,00","0,00",,,,"90.000,00",
,5,NMU016,,,,,Madu Cholurat 280gr,,,,,,,,,,"1,00",,PCS,,,,,"60.000,00","0,00",,,,"60.000,00",
,6,ARB032,,,,,Md Bunga Randu 480 ml,,,,,,,,,,"1,00",,PCS,,,,,"117.000,00","0,00",,,,"117.000,00",
,7,BHI04,,,,,Jahe MERAH PLUS AREN BIHERBI,,,,,,,,,,"1,00",,PCS,,,,,"16.500,00","0,00",,,,"16.500,00",
,8,BHI05,,,,,Temulawak BIHERBI,,,,,,,,,,"2,00",,PCS,,,,,"16.500,00","0,00",,,,"33.000,00",
,9,BHI06,,,,,Kunyit Asem BIHERBI,,,,,,,,,,"2,00",,PCS,,,,,"16.500,00","0,00",,,,"33.000,00",
,10,BHI07,,,,,Kunir Putih BIHERBI,,,,,,,,,,"1,00",,PCS,,,,,"16.500,00","0,00",,,,"16.500,00",
,,,,,,,,,,,,,,,,,,,,,,,,,,,,,,
,,,,,,,,,,,,,,,,,,,,,,,,,,,,,,
,,,,,,,,,,,,,,,,,"18,00",,,,,,,,,,,,"581.000,00",
,,,,,,,,,,,,,,,,,,,,,,,,,,,,,,
,Pot. :,,"0,00",,,,,Pajak :,,,"0,00",,,,Biaya :,,,"0,00",,,,,Total Akhir :,,,,,"581.000,00",,
,,,,,,,,,,,,,,,,,,,,,,,,,,,,,,
,,,,,,,,,,,,,,,,,,,,,,,,,,,,,,
,,,,,,,,,,,,,,,,,,,,,,,,,,,,,,
,1588/JL/UTM/0122,,,,,,1/20/2022,,,,,PL1035,,,,TOKO KARAM GROSIR,,,,,,,,  ,,,,,,
,,,,,,,,,,,,,,,,,,,,,,,,,,,,,,
,No.,Kd. Item,,,,,Nama Item,,,,,,,,,,Jml,,Satuan,,,,,Harga,Pot. %,,,,Total,
,,,,,,,,,,,,,,,,,,,,,,,,,,,,,,
,1,ARB50,,,,,Tongkat Arab 210 ML,,,,,,,,,,"3,00",,PCS,,,,,"45.000,00","0,00",,,,"135.000,00",
,2,ARB123,,,,,Sabun Spirulina colagen - ARBAIN,,,,,,,,,,"3,00",,PCS,,,,,"12.500,00","0,00",,,,"37.500,00",
,3,MDH02,,,,,Madu Hutan Kalimantan 1kg-GHOLIBAN,,,,,,,,,,"1,00",,PCS,,,,,"40.000,00","0,00",,,,"40.000,00",
,4,MDH01,,,,,Madu Hutan Kalimantan 500-Gholiban,,,,,,,,,,"1,00",,PCS,,,,,"25.000,00","0,00",,,,"25.000,00",
,5,GHO0003,,,,,Kapsul Benjos,,,,,,,,,,"1,00",,PCS,,,,,"70.000,00","0,00",,,,"70.000,00",
,6,NMU016,,,,,Madu Cholurat 280gr,,,,,,,,,,"1,00",,PCS,,,,,"60.000,00","0,00",,,,"60.000,00",
,7,ARFH001,,,,,Suka Etawa Vanila 200 gr,,,,,,,,,,"5,00",,PCS,,,,,"16.500,00","0,00",,,,"82.500,00",
,8,SY01,,,,,Syifamilk Vanila 350 gr,,,,,,,,,,"1,00",,PCS,,,,,"26.000,00","0,00",,,,"26.000,00",
,9,HERB036,,,,,MBH Madu Batuk Herbal,,,,,,,,,,"1,00",,PCS,,,,,"30.000,00","0,00",,,,"30.000,00",
,10,HERB015,,,,,Cream Macho,,,,,,,,,,"1,00",,PCS,,,,,"26.000,00","0,00",,,,"26.000,00",
,11,MQI01,,,,,Madu Qusthul Hindi Imunise hitam,,,,,,,,,,"1,00",,PCS,,,,,"42.500,00","0,00",,,,"42.500,00",
,12,JHP64,,,,,Jahe Merah H64,,,,,,,,,,"6,00",,PCS,,,,,"6.250,00","0,00",,,,"37.500,00",
,13,OTM06,,,,,Madu Aslam Mazied 350 gram,,,,,,,,,,"1,00",,PCS,,,,,"28.500,00","0,00",,,,"28.500,00",
,14,BHI04,,,,,Jahe MERAH PLUS AREN BIHERBI,,,,,,,,,,"1,00",,PCS,,,,,"16.500,00","0,00",,,,"16.500,00",
,15,BHI02,,,,,Madu TROMBOMEX BEHERBI,,,,,,,,,,"1,00",,PCS,,,,,"28.000,00","0,00",,,,"28.000,00",
,16,THB015,,,,,Kapsul Trigona 200 kp THB,,,,,,,,,,"1,00",,PCS,,,,,"50.000,00","0,00",,,,"50.000,00",
,17,THB016,,,,,Kapsul Trigona 100 kpp THB,,,,,,,,,,"1,00",,PCS,,,,,"30.000,00","0,00",,,,"30.000,00",
,18,THB08,,,,,Herbasauda 200 kp,,,,,,,,,,"1,00",,PCS,,,,,"60.000,00","0,00",,,,"60.000,00",
,19,THB09,,,,,HerbaSauda 100 kp,,,,,,,,,,"1,00",,PCS,,,,,"32.500,00","0,00",,,,"32.500,00",
,20,SH03,,,,,Madu Sehat Lambung Asyifa,,,,,,,,,,"2,00",,PCS,,,,,"30.600,00","0,00",,,,"61.200,00",
,21,SH04,,,,,Madu Sirup Gurah Asyifa,,,,,,,,,,"1,00",,PCS,,,,,"26.650,00","0,00",,,,"26.650,00",
,,,,,,,,,,,,,,,,,,,,,,,,,,,,,,
,,,,,,,,,,,,,,,,,,,,,,,,,,,,,,
,,,,,,,,,,,,,,,,,"35,00",,,,,,,,,,,,"945.350,00",
,,,,,,,,,,,,,,,,,,,,,,,,,,,,,,
,Pot. :,,"0,00",,,,,Pajak :,,,"0,00",,,,Biaya :,,,"0,00",,,,,Total Akhir :,,,,,"945.350,00",,
,,,,,,,,,,,,,,,,,,,,,,,,,,,,,,
,,,,,,,,,,,,,,,,,,,,,,,,,,,,,,
,,,,,,,,,,,,,,,,,,,,,,,,,,,,,,
,1589/JL/UTM/0122,,,,,,1/20/2022,,,,,PL1035,,,,TOKO KARAM GROSIR,,,,,,,,  ,,,,,,
,,,,,,,,,,,,,,,,,,,,,,,,,,,,,,
,No.,Kd. Item,,,,,Nama Item,,,,,,,,,,Jml,,Satuan,,,,,Harga,Pot. %,,,,Total,
,,,,,,,,,,,,,,,,,,,,,,,,,,,,,,
,1,PH033,,,,,Herba Jawi,,,,,,,,,,"1,00",,PCS,,,,,"19.000,00","0,00",,,,"19.000,00",
,2,PH105,,,,,MD Kuning At Taubah,,,,,,,,,,"4,00",,PCS,,,,,"68.000,00","0,00",,,,"272.000,00",
,3,PH106,,,,,MD Batuk Dus PHDA,,,,,,,,,,"1,00",,PAK,,,,,"20.500,00","0,00",,,,"20.500,00",
,4,PH107,,,,,GIZIDAT,,,,,,,,,,"1,00",,PAK,,,,,"54.500,00","0,00",,,,"54.500,00",
,5,PH108,,,,,Habasyi Trigona 200 Kp PHDA,,,,,,,,,,"1,00",,PCS,,,,,"52.000,00","0,00",,,,"52.000,00",
,6,PH109,,,,,EXTRAFIT 100 kp,,,,,,,,,,"1,00",,PCS,,,,,"27.000,00","0,00",,,,"27.000,00",
,7,PH113,,,,,DIYACON Diabet,,,,,,,,,,"1,00",,PCS,,,,,"110.000,00","0,00",,,,"110.000,00",
,8,SK01,,,,,Sari Kurma Al Jazira 360 Gr,,,,,,,,,,"1,00",,PCS,,,,,"17.000,00","0,00",,,,"17.000,00",
,9,Syamil,,,,,Syamil Anak,,,,,,,,,,"2,00",,PCS,,,,,"17.000,00","0,00",,,,"34.000,00",
,10,PHD022,,,,,Fliymty,,,,,,,,,,"1,00",,PCS,,,,,"240.000,00","0,00",,,,"240.000,00",
,11,PHD025,,,,,Madu Qusthul Hindi PHD,,,,,,,,,,"1,00",,PCS,,,,,"39.500,00","0,00",,,,"39.500,00",
,12,PHD026,,,,,Kutus kutus,,,,,,,,,,"1,00",,PCS,,,,,"110.000,00","0,00",,,,"110.000,00",
,13,PHD001,,,,,Pasta Gigi Halaqel,,,,,,,,,,"6,00",,PCS,,,,,"17.500,00","0,00",,,,"105.000,00",
,14,PHD0002,,,,,Madu Fice MAAG,,,,,,,,,,"1,00",,PCS,,,,,"37.500,00","0,00",,,,"37.500,00",
,15,MDPHD,,,,,Madu Anak Napsu Makan,,,,,,,,,,"1,00",,PCS,,,,,"29.500,00","0,00",,,,"29.500,00",
,,,,,,,,,,,,,,,,,,,,,,,,,,,,,,
,,,,,,,,,,,,,,,,,,,,,,,,,,,,,,
,,,,,,,,,,,,,,,,,"24,00",,,,,,,,,,,,"1.167.500,00",
,,,,,,,,,,,,,,,,,,,,,,,,,,,,,,
,Pot. :,,"0,00",,,,,Pajak :,,,"0,00",,,,Biaya :,,,"0,00",,,,,Total Akhir :,,,,,"1.167.500,00",,
,,,,,,,,,,,,,,,,,,,,,,,,,,,,,,
,,,,,,,,,,,,,,,,,,,,,,,,,,,,,,
,,,,,,,,,,,,,,,,,,,,,,,,,,,,,,
,,,,,,,,,,,,,,,,,,,,,,,,,,,,,,
,1590/JL/UTM/0122,,,,,,1/20/2022,,,,,PL0905,,,,Sami Herbal,,,,,,,, Pondok Gede ,,,,,,
,,,,,,,,,,,,,,,,,,,,,,,,,,,,,,
,No.,Kd. Item,,,,,Nama Item,,,,,,,,,,Jml,,Satuan,,,,,Harga,Pot. %,,,,Total,
,,,,,,,,,,,,,,,,,,,,,,,,,,,,,,
,1,SH01,,,,,Madu flu & Batuk 9 in 1 Asyifa,,,,,,,,,,"24,00",,PCS,,,,,"19.000,00","0,00",,,,"456.000,00",
,,,,,,,,,,,,,,,,,,,,,,,,,,,,,,
,,,,,,,,,,,,,,,,,,,,,,,,,,,,,,
,,,,,,,,,,,,,,,,,"24,00",,,,,,,,,,,,"456.000,00",
,,,,,,,,,,,,,,,,,,,,,,,,,,,,,,
,Pot. :,,"0,00",,,,,,,,,,,,Biaya :,,,"0,00",,,,,,,,,,"456.000,00",,
,,,,,,,,Pajak :,,,"0,00",,,,,,,,,,,,Total Akhir :,,,,,,,
,,,,,,,,,,,,,,,,,,,,,,,,,,,,,,
,,,,,,,,,,,,,,,,,,,,,,,,,,,,,,
,,,,,,,,,,,,,,,,,,,,,,,,,,,,,,
,,,,,,,,,,,,,,,,,,,,,,,,,,,,,,
,1591/JL/UTM/0122,,,,,,1/20/2022,,,,,PL1088,,,,NAYLA HERBAL,,,,,,,,  ,,,,,,
,,,,,,,,,,,,,,,,,,,,,,,,,,,,,,
,No.,Kd. Item,,,,,Nama Item,,,,,,,,,,Jml,,Satuan,,,,,Harga,Pot. %,,,,Total,
,,,,,,,,,,,,,,,,,,,,,,,,,,,,,,
,1,BHI05,,,,,Temulawak BIHERBI,,,,,,,,,,"1,00",,PCS,,,,,"16.500,00","0,00",,,,"16.500,00",
,2,BHI06,,,,,Kunyit Asem BIHERBI,,,,,,,,,,"1,00",,PCS,,,,,"16.500,00","0,00",,,,"16.500,00",
,3,BHI07,,,,,Kunir Putih BIHERBI,,,,,,,,,,"2,00",,PCS,,,,,"16.500,00","0,00",,,,"33.000,00",
,,,,,,,,,,,,,,,,,,,,,,,,,,,,,,
,,,,,,,,,,,,,,,,,,,,,,,,,,,,,,
,,,,,,,,,,,,,,,,,"4,00",,,,,,,,,,,,"66.000,00",
,,,,,,,,,,,,,,,,,,,,,,,,,,,,,,
,Pot. :,,"0,00",,,,,Pajak :,,,"0,00",,,,Biaya :,,,"0,00",,,,,Total Akhir :,,,,,"66.000,00",,
,,,,,,,,,,,,,,,,,,,,,,,,,,,,,,
,,,,,,,,,,,,,,,,,,,,,,,,,,,,,,
,,,,,,,,,,,,,,,,,,,,,,,,,,,,,,
,1592/JL/UTM/0122,,,,,,1/20/2022,,,,,PL1044,,,,TOKO HERBAL DEPOK,,,,,,,,  ,,,,,,
,,,,,,,,,,,,,,,,,,,,,,,,,,,,,,
,No.,Kd. Item,,,,,Nama Item,,,,,,,,,,Jml,,Satuan,,,,,Harga,Pot. %,,,,Total,
,,,,,,,,,,,,,,,,,,,,,,,,,,,,,,
,1,BHI04,,,,,Jahe MERAH PLUS AREN BIHERBI,,,,,,,,,,"1,00",,PCS,,,,,"16.500,00","0,00",,,,"16.500,00",
,2,BHI03,,,,,Jahe Merah FULL AREN BIHERBI,,,,,,,,,,"1,00",,PCS,,,,,"19.000,00","0,00",,,,"19.000,00",
,3,ARB59,,,,,Madu Alief Mangga 1 kg,,,,,,,,,,"1,00",,PCS,,,,,"133.250,00","0,00",,,,"133.250,00",
,4,ARB118,,,,,Serbuk habbatussauda 60kp Arbain,,,,,,,,,,"2,00",,PCS,,,,,"22.000,00","0,00",,,,"44.000,00",
,,,,,,,,,,,,,,,,,,,,,,,,,,,,,,
,,,,,,,,,,,,,,,,,,,,,,,,,,,,,,
,,,,,,,,,,,,,,,,,"5,00",,,,,,,,,,,,"212.750,00",
,,,,,,,,,,,,,,,,,,,,,,,,,,,,,,
,Pot. :,,"0,00",,,,,Pajak :,,,"0,00",,,,Biaya :,,,"0,00",,,,,Total Akhir :,,,,,"212.750,00",,
,,,,,,,,,,,,,,,,,,,,,,,,,,,,,,
,,,,,,,,,,,,,,,,,,,,,,,,,,,,,,
,,,,,,,,,,,,,,,,,,,,,,,,,,,,,,
,1593/JL/UTM/0122,,,,,,1/21/2022,,,,,PL1089,,,,TOKO MUTIA AL FATH,,,,,,,,  ,,,,,,
,,,,,,,,,,,,,,,,,,,,,,,,,,,,,,
,No.,Kd. Item,,,,,Nama Item,,,,,,,,,,Jml,,Satuan,,,,,Harga,Pot. %,,,,Total,
,,,,,,,,,,,,,,,,,,,,,,,,,,,,,,
,1,BHI03,,,,,Jahe Merah FULL AREN BIHERBI,,,,,,,,,,"3,00",,PCS,,,,,"19.000,00","0,00",,,,"57.000,00",
,2,BHI06,,,,,Kunyit Asem BIHERBI,,,,,,,,,,"1,00",,PCS,,,,,"16.500,00","0,00",,,,"16.500,00",
,,,,,,,,,,,,,,,,,,,,,,,,,,,,,,
,,,,,,,,,,,,,,,,,,,,,,,,,,,,,,
,,,,,,,,,,,,,,,,,"4,00",,,,,,,,,,,,"73.500,00",
,,,,,,,,,,,,,,,,,,,,,,,,,,,,,,
,Pot. :,,"0,00",,,,,Pajak :,,,"0,00",,,,Biaya :,,,"0,00",,,,,Total Akhir :,,,,,"73.500,00",,
,,,,,,,,,,,,,,,,,,,,,,,,,,,,,,
,,,,,,,,,,,,,,,,,,,,,,,,,,,,,,
,,,,,,,,,,,,,,,,,,,,,,,,,,,,,,
,1594/JL/UTM/0122,,,,,,1/21/2022,,,,,PL0291,,,,Mas Dul,,,,,,,,  ,,,,,,
,,,,,,,,,,,,,,,,,,,,,,,,,,,,,,
,No.,Kd. Item,,,,,Nama Item,,,,,,,,,,Jml,,Satuan,,,,,Harga,Pot. %,,,,Total,
,,,,,,,,,,,,,,,,,,,,,,,,,,,,,,
,1,SH01,,,,,Madu flu & Batuk 9 in 1 Asyifa,,,,,,,,,,"24,00",,PCS,,,,,"19.000,00","0,00",,,,"456.000,00",
,,,,,,,,,,,,,,,,,,,,,,,,,,,,,,
,,,,,,,,,,,,,,,,,,,,,,,,,,,,,,
,,,,,,,,,,,,,,,,,"24,00",,,,,,,,,,,,"456.000,00",
,,,,,,,,,,,,,,,,,,,,,,,,,,,,,,
,Pot. :,,"0,00",,,,,Pajak :,,,"0,00",,,,Biaya :,,,"0,00",,,,,Total Akhir :,,,,,"456.000,00",,
,,,,,,,,,,,,,,,,,,,,,,,,,,,,,,
,,,,,,,,,,,,,,,,,,,,,,,,,,,,,,
,,,,,,,,,,,,,,,,,,,,,,,,,,,,,,
,1595/JL/UTM/0122,,,,,,1/22/2022,,,,,PL1065,,,,Griya Terapi Sehati ( ummu Hafshoh ),,,,,,,,  ,,,,,,
,,,,,,,,,,,,,,,,,,,,,,,,,,,,,,
,,,,,,,,,,,,,,,,,,,,,,,,,,,,,,
,No.,Kd. Item,,,,,Nama Item,,,,,,,,,,Jml,,Satuan,,,,,Harga,Pot. %,,,,Total,
,,,,,,,,,,,,,,,,,,,,,,,,,,,,,,
,1,ARB114,,,,,Minyak Habbatussauda 60kp ARBAIN,,,,,,,,,,"1,00",,PCS,,,,,"25.000,00","0,00",,,,"25.000,00",
,2,ARB011,,,,,Sari Kurma Original 330gr- ARBA'IN,,,,,,,,,,"1,00",,PCS,,,,,"16.500,00","0,00",,,,"16.500,00",
,3,JAD012,,,,,Humaira Khalas 500 Gr,,,,,,,,,,"5,00",,PCS,,,,,"25.000,00","0,00",,,,"125.000,00",
,4,ARFH001,,,,,Suka Etawa Vanila 200 gr,,,,,,,,,,"4,00",,PCS,,,,,"18.000,00","0,00",,,,"72.000,00",
,5,HERB036,,,,,MBH Madu Batuk Herbal,,,,,,,,,,"1,00",,PCS,,,,,"27.500,00","0,00",,,,"27.500,00",
,6,JFN009,,,,,Ekstrak Virgin 60ml,,,,,,,,,,"1,00",,PCS,,,,,"15.000,00","0,00",,,,"15.000,00",
,,,,,,,,,,,,,,,,,,,,,,,,,,,,,,
,,,,,,,,,,,,,,,,,,,,,,,,,,,,,,
,,,,,,,,,,,,,,,,,"13,00",,,,,,,,,,,,"281.000,00",
,,,,,,,,,,,,,,,,,,,,,,,,,,,,,,
,Pot. :,,"0,00",,,,,Pajak :,,,"0,00",,,,Biaya :,,,"0,00",,,,,Total Akhir :,,,,,"281.000,00",,
,,,,,,,,,,,,,,,,,,,,,,,,,,,,,,
,,,,,,,,,,,,,,,,,,,,,,,,,,,,,,
,,,,,,,,,,,,,,,,,,,,,,,,,,,,,,
,1596/JL/UTM/0122,,,,,,1/24/2022,,,,,PL0023,,,,Khasanah Ilmi Bulak,,,,,,,,  ,,,,,,
,,,,,,,,,,,,,,,,,,,,,,,,,,,,,,
,No.,Kd. Item,,,,,Nama Item,,,,,,,,,,Jml,,Satuan,,,,,Harga,Pot. %,,,,Total,
,,,,,,,,,,,,,,,,,,,,,,,,,,,,,,
,1,ARFH007,,,,,Suka Etawa Sachet Vanilla 200 gr,,,,,,,,,,"2,00",,PCS,,,,,"18.000,00","0,00",,,,"36.000,00",
,2,ARB50,,,,,Tongkat Arab 210 ML,,,,,,,,,,"1,00",,PCS,,,,,"45.000,00","0,00",,,,"45.000,00",
,3,AHH01,,,,,Kapsul Sulem Susut Lemak,,,,,,,,,,"3,00",,PCS,,,,,"32.500,00","0,00",,,,"97.500,00",
,,,,,,,,,,,,,,,,,,,,,,,,,,,,,,
,,,,,,,,,,,,,,,,,,,,,,,,,,,,,,
,,,,,,,,,,,,,,,,,"6,00",,,,,,,,,,,,"178.500,00",
,,,,,,,,,,,,,,,,,,,,,,,,,,,,,,
,Pot. :,,"0,00",,,,,Pajak :,,,"0,00",,,,Biaya :,,,"0,00",,,,,Total Akhir :,,,,,"178.500,00",,
,,,,,,,,,,,,,,,,,,,,,,,,,,,,,,
,,,,,,,,,,,,,,,,,,,,,,,,,,,,,,
,,,,,,,,,,,,,,,,,,,,,,,,,,,,,,
,1597/JL/UTM/0122,,,,,,1/25/2022,,,,,PL0918,,,,Toko Herbal Abu Silva,,,,,,,, Tambun ,,,,,,
,,,,,,,,,,,,,,,,,,,,,,,,,,,,,,
,No.,Kd. Item,,,,,Nama Item,,,,,,,,,,Jml,,Satuan,,,,,Harga,Pot. %,,,,Total,
,,,,,,,,,,,,,,,,,,,,,,,,,,,,,,
,1,ARFH001,,,,,Suka Etawa Vanila 200 gr,,,,,,,,,,"4,00",,PCS,,,,,"18.000,00","0,00",,,,"72.000,00",
,,,,,,,,,,,,,,,,,,,,,,,,,,,,,,
,,,,,,,,,,,,,,,,,,,,,,,,,,,,,,
,,,,,,,,,,,,,,,,,"4,00",,,,,,,,,,,,"72.000,00",
,,,,,,,,,,,,,,,,,,,,,,,,,,,,,,
,Pot. :,,"0,00",,,,,Pajak :,,,"0,00",,,,Biaya :,,,"0,00",,,,,Total Akhir :,,,,,"72.000,00",,
,,,,,,,,,,,,,,,,,,,,,,,,,,,,,,
,,,,,,,,,,,,,,,,,,,,,,,,,,,,,,
,,,,,,,,,,,,,,,,,,,,,,,,,,,,,,
,1598/JL/UTM/0122,,,,,,1/25/2022,,,,,PL0008,,,,Pustaka Ukhuwah,,,,,,,,  ,,,,,,
,,,,,,,,,,,,,,,,,,,,,,,,,,,,,,
,No.,Kd. Item,,,,,Nama Item,,,,,,,,,,Jml,,Satuan,,,,,Harga,Pot. %,,,,Total,
,,,,,,,,,,,,,,,,,,,,,,,,,,,,,,
,1,BHI06,,,,,Kunyit Asem BIHERBI,,,,,,,,,,"2,00",,PCS,,,,,"16.500,00","0,00",,,,"33.000,00",
,2,BHI07,,,,,Kunir Putih BIHERBI,,,,,,,,,,"1,00",,PCS,,,,,"16.500,00","0,00",,,,"16.500,00",
,3,BHI03,,,,,Jahe Merah FULL AREN BIHERBI,,,,,,,,,,"1,00",,PCS,,,,,"19.000,00","0,00",,,,"19.000,00",
,,,,,,,,,,,,,,,,,,,,,,,,,,,,,,
,,,,,,,,,,,,,,,,,,,,,,,,,,,,,,
,,,,,,,,,,,,,,,,,"4,00",,,,,,,,,,,,"68.500,00",
,,,,,,,,,,,,,,,,,,,,,,,,,,,,,,
,Pot. :,,"0,00",,,,,Pajak :,,,"0,00",,,,Biaya :,,,"0,00",,,,,Total Akhir :,,,,,"68.500,00",,
,,,,,,,,,,,,,,,,,,,,,,,,,,,,,,
,,,,,,,,,,,,,,,,,,,,,,,,,,,,,,
,,,,,,,,,,,,,,,,,,,,,,,,,,,,,,
,1599/JL/UTM/0122,,,,,,1/26/2022,,,,,PL0527,,,,Khasanah Ilmi Barat,,,,,,,,  ,,,,,,
,,,,,,,,,,,,,,,,,,,,,,,,,,,,,,
,No.,Kd. Item,,,,,Nama Item,,,,,,,,,,Jml,,Satuan,,,,,Harga,Pot. %,,,,Total,
,,,,,,,,,,,,,,,,,,,,,,,,,,,,,,
,1,LS02,,,,,Minyak Zaitun Lisani 250 ml,,,,,,,,,,"2,00",,PCS,,,,,"45.000,00","0,00",,,,"90.000,00",
,2,ARFH001,,,,,Suka Etawa Vanila 200 gr,,,,,,,,,,"2,00",,PCS,,,,,"18.000,00","0,00",,,,"36.000,00",
,3,SY01,,,,,Syifamilk Vanila 350 gr,,,,,,,,,,"2,00",,PCS,,,,,"26.000,00","0,00",,,,"52.000,00",
,,,,,,,,,,,,,,,,,,,,,,,,,,,,,,
,,,,,,,,,,,,,,,,,,,,,,,,,,,,,,
,,,,,,,,,,,,,,,,,"6,00",,,,,,,,,,,,"178.000,00",
,,,,,,,,,,,,,,,,,,,,,,,,,,,,,,
,Pot. :,,"0,00",,,,,Pajak :,,,"0,00",,,,Biaya :,,,"0,00",,,,,Total Akhir :,,,,,"178.000,00",,
,,,,,,,,,,,,,,,,,,,,,,,,,,,,,,
,,,,,,,,,,,,,,,,,,,,,,,,,,,,,,
,,,,,,,,,,,,,,,,,,,,,,,,,,,,,,
,1600/JL/UTM/0122,,,,,,1/26/2022,,,,,PL0447,,,,Mas Yudi Haifa,,,,,,,,  ,,,,,,
,,,,,,,,,,,,,,,,,,,,,,,,,,,,,,
,No.,Kd. Item,,,,,Nama Item,,,,,,,,,,Jml,,Satuan,,,,,Harga,Pot. %,,,,Total,
,,,,,,,,,,,,,,,,,,,,,,,,,,,,,,
,1,TAS007,,,,,Baby Drops 15 Ml- Tasnim,,,,,,,,,,"108,00",,PCS,,,,,"12.500,00","0,00",,,,"1.350.000,00",
,2,TAS006,,,,,Oleska 15 Ml- Tasnim,,,,,,,,,,"36,00",,PCS,,,,,"17.500,00","0,00",,,,"630.000,00",
,,,,,,,,,,,,,,,,,,,,,,,,,,,,,,
,,,,,,,,,,,,,,,,,,,,,,,,,,,,,,
,,,,,,,,,,,,,,,,,"144,00",,,,,,,,,,,,"1.980.000,00",
,,,,,,,,,,,,,,,,,,,,,,,,,,,,,,
,Pot. :,,"0,00",,,,,Pajak :,,,"0,00",,,,Biaya :,,,"0,00",,,,,Total Akhir :,,,,,"1.980.000,00",,
,,,,,,,,,,,,,,,,,,,,,,,,,,,,,,
,,,,,,,,,,,,,,,,,,,,,,,,,,,,,,
,,,,,,,,,,,,,,,,,,,,,,,,,,,,,,
,1601/JL/UTM/0122,,,,,,1/27/2022,,,,,PL1090,,,,HN KARAWANG,,,,,,,,  ,,,,,,
,,,,,,,,,,,,,,,,,,,,,,,,,,,,,,
,No.,Kd. Item,,,,,Nama Item,,,,,,,,,,Jml,,Satuan,,,,,Harga,Pot. %,,,,Total,
,,,,,,,,,,,,,,,,,,,,,,,,,,,,,,
,1,TAS008,,,,,Madu Herbal Tasnim Hitam 245 ml,,,,,,,,,,"3,00",,PCS,,,,,"100.000,00","50,00",,,,"150.000,00",
,2,TAS001,,,,,Madu Herbal Tasnim Braina / JENI OZ 245 Ml - TASNIM,,,,,,,,,,"3,00",,PCS,,,,,"100.000,00","50,00",,,,"150.000,00",
,,,,,,,,,,,,,,,,,,,,,,,,,,,,,,
,3,TAS018,,,,,Tasnim Obamaag-,,,,,,,,,,"3,00",,PCS,,,,,"125.000,00","50,00",,,,"187.500,00",
,4,TAS017,,,,,Madu Tasnim EJADI,,,,,,,,,,"3,00",,PCS,,,,,"125.000,00","50,00",,,,"187.500,00",
,5,TAS003,,,,,Madu Tasnim Visina 245 Ml,,,,,,,,,,"3,00",,PCS,,,,,"100.000,00","50,00",,,,"150.000,00",
,6,TAS011,,,,,Madu Tasnim Diabetana 245ml,,,,,,,,,,"3,00",,PCS,,,,,"80.000,00","50,00",,,,"120.000,00",
,7,TAS010,,,,,Mada Tasnim Akamor For Cancer 245ml,,,,,,,,,,"3,00",,PCS,,,,,"125.000,00","50,00",,,,"187.500,00",
,8,TAS004,,,,,Gurahna 60 Kp - Tasnim,,,,,,,,,,"3,00",,PCS,,,,,"60.000,00","50,00",,,,"90.000,00",
,9,TAS005,,,,,Vitana 60 Kp - TASNIM,,,,,,,,,,"3,00",,PCS,,,,,"60.000,00","50,00",,,,"90.000,00",
,10,TAS014,,,,,Kapsul GABUSNA 60 kp TASNIM,,,,,,,,,,"3,00",,PCS,,,,,"85.000,00","50,00",,,,"127.500,00",
,11,TAS013,,,,,Madu Kidsna,,,,,,,,,,"3,00",,PCS,,,,,"40.000,00","50,00",,,,"60.000,00",
,12,TAS006,,,,,Oleska 15 Ml- Tasnim,,,,,,,,,,"3,00",,PCS,,,,,"35.000,00","50,00",,,,"52.500,00",
,13,TAS012,,,,,Olespain 30 Ml,,,,,,,,,,"3,00",,PCS,,,,,"35.000,00","50,00",,,,"52.500,00",
,14,TAS019,,,,,Kapsul Tasnim Spirulina,,,,,,,,,,"3,00",,PCS,,,,,"70.000,00","50,00",,,,"105.000,00",
,15,TAS0015,,,,,Tasnim Gamatana 60 kp TASNIM,,,,,,,,,,"3,00",,PCS,,,,,"80.000,00","50,00",,,,"120.000,00",
,,,,,,,,,,,,,,,,,,,,,,,,,,,,,,
,,,,,,,,,,,,,,,,,,,,,,,,,,,,,,
,,,,,,,,,,,,,,,,,"45,00",,,,,,,,,,,,"1.830.000,00",
,,,,,,,,,,,,,,,,,,,,,,,,,,,,,,
,Pot. :,,"0,00",,,,,Pajak :,,,"0,00",,,,Biaya :,,,"0,00",,,,,Total Akhir :,,,,,"1.830.000,00",,
,,,,,,,,,,,,,,,,,,,,,,,,,,,,,,
,,,,,,,,,,,,,,,,,,,,,,,,,,,,,,
,,,,,,,,,,,,,,,,,,,,,,,,,,,,,,
,1602/JL/UTM/0122,,,,,,1/27/2022,,,,,PL1090,,,,HN KARAWANG,,,,,,,,  ,,,,,,
,,,,,,,,,,,,,,,,,,,,,,,,,,,,,,
,No.,Kd. Item,,,,,Nama Item,,,,,,,,,,Jml,,Satuan,,,,,Harga,Pot. %,,,,Total,
,,,,,,,,,,,,,,,,,,,,,,,,,,,,,,
,1,BHI03,,,,,Jahe Merah FULL AREN BIHERBI,,,,,,,,,,"3,00",,PCS,,,,,"19.000,00","0,00",,,,"57.000,00",
,2,BHI04,,,,,Jahe MERAH PLUS AREN BIHERBI,,,,,,,,,,"3,00",,PCS,,,,,"16.500,00","0,00",,,,"49.500,00",
,3,BHI06,,,,,Kunyit Asem BIHERBI,,,,,,,,,,"3,00",,PCS,,,,,"16.500,00","0,00",,,,"49.500,00",
,4,BHI05,,,,,Temulawak BIHERBI,,,,,,,,,,"3,00",,PCS,,,,,"16.500,00","0,00",,,,"49.500,00",
,5,BHI07,,,,,Kunir Putih BIHERBI,,,,,,,,,,"3,00",,PCS,,,,,"16.500,00","0,00",,,,"49.500,00",
,6,BHI02,,,,,Madu TROMBOMEX BEHERBI,,,,,,,,,,"3,00",,PCS,,,,,"28.000,00","0,00",,,,"84.000,00",
,7,BHI01,,,,,Madu Hitam Pahit Gamat BEHERBI,,,,,,,,,,"3,00",,PCS,,,,,"28.000,00","0,00",,,,"84.000,00",
,,,,,,,,,,,,,,,,,,,,,,,,,,,,,,
,,,,,,,,,,,,,,,,,,,,,,,,,,,,,,
,,,,,,,,,,,,,,,,,"21,00",,,,,,,,,,,,"423.000,00",
,,,,,,,,,,,,,,,,,,,,,,,,,,,,,,
,Pot. :,,"0,00",,,,,Pajak :,,,"0,00",,,,Biaya :,,,"0,00",,,,,Total Akhir :,,,,,"423.000,00",,
,,,,,,,,,,,,,,,,,,,,,,,,,,,,,,
,,,,,,,,,,,,,,,,,,,,,,,,,,,,,,
,,,,,,,,,,,,,,,,,,,,,,,,,,,,,,
,1603/JL/UTM/0122,,,,,,1/27/2022,,,,,PL1090,,,,HN KARAWANG,,,,,,,,  ,,,,,,
,,,,,,,,,,,,,,,,,,,,,,,,,,,,,,
,No.,Kd. Item,,,,,Nama Item,,,,,,,,,,Jml,,Satuan,,,,,Harga,Pot. %,,,,Total,
,,,,,,,,,,,,,,,,,,,,,,,,,,,,,,
,1,MDG01,,,,,Madu Kalimantan BPOM 1 kg,,,,,,,,,,"3,00",,PCS,,,,,"40.000,00","0,00",,,,"120.000,00",
,2,MDG02,,,,,Madu Kalimantan BPOM 500GRAM,,,,,,,,,,"3,00",,PCS,,,,,"25.000,00","0,00",,,,"75.000,00",
,3,GHO0001,,,,,Madu Dzakydat,,,,,,,,,,"3,00",,PCS,,,,,"35.000,00","0,00",,,,"105.000,00",
,4,GHO0002,,,,,Madu Benlap,,,,,,,,,,"3,00",,PCS,,,,,"35.000,00","0,00",,,,"105.000,00",
,5,GHO0003,,,,,Kapsul Benjos,,,,,,,,,,"3,00",,PCS,,,,,"70.000,00","0,00",,,,"210.000,00",
,6,MGH0001,,,,,Sari Kurma Angkak GH,,,,,,,,,,"3,00",,PCS,,,,,"28.000,00","0,00",,,,"84.000,00",
,7,MGP01,,,,,Madu Probiotik GHOLIBAN,,,,,,,,,,"3,00",,PCS,,,,,"27.000,00","0,00",,,,"81.000,00",
,,,,,,,,,,,,,,,,,,,,,,,,,,,,,,
,,,,,,,,,,,,,,,,,,,,,,,,,,,,,,
,,,,,,,,,,,,,,,,,"21,00",,,,,,,,,,,,"780.000,00",
,,,,,,,,,,,,,,,,,,,,,,,,,,,,,,
,Pot. :,,"0,00",,,,,Pajak :,,,"0,00",,,,Biaya :,,,"0,00",,,,,Total Akhir :,,,,,"780.000,00",,
,,,,,,,,,,,,,,,,,,,,,,,,,,,,,,
,,,,,,,,,,,,,,,,,,,,,,,,,,,,,,
,,,,,,,,,,,,,,,,,,,,,,,,,,,,,,
,1604/JL/UTM/0122,,,,,,1/27/2022,,,,,PL1090,,,,HN KARAWANG,,,,,,,,  ,,,,,,
,,,,,,,,,,,,,,,,,,,,,,,,,,,,,,
,No.,Kd. Item,,,,,Nama Item,,,,,,,,,,Jml,,Satuan,,,,,Harga,Pot. %,,,,Total,
,,,,,,,,,,,,,,,,,,,,,,,,,,,,,,
,1,ARB50,,,,,Tongkat Arab 210 ML,,,,,,,,,,"3,00",,PCS,,,,,"50.000,00","0,00",,,,"150.000,00",
,2,ARB012,,,,,Sari Kurma Jambu 330gr- ARBA'IN,,,,,,,,,,"3,00",,PCS,,,,,"20.000,00","0,00",,,,"60.000,00",
,3,ARB011,,,,,Sari Kurma Original 330gr- ARBA'IN,,,,,,,,,,"3,00",,PCS,,,,,"17.500,00","0,00",,,,"52.500,00",
,4,ARB013,,,,,Sari Kurma Madu 330gr-ARBA'IN,,,,,,,,,,"3,00",,PCS,,,,,"18.000,00","0,00",,,,"54.000,00",
,5,ARB053,,,,,Sari kurma PROPOLIS 330 gr ARBAIN,,,,,,,,,,"3,00",,PCS,,,,,"20.000,00","0,00",,,,"60.000,00",
,6,ARB100,,,,,Minyak Zaitun Olive Oil 200kp ARBAIN,,,,,,,,,,"3,00",,PCS,,,,,"39.000,00","0,00",,,,"117.000,00",
,7,ARB110,,,,,Minyak Zaitun Olive oil 100kp ARBAIN,,,,,,,,,,"3,00",,PCS,,,,,"24.000,00","0,00",,,,"72.000,00",
,8,ARB111,,,,,Minyak Zaitun Olive oil 60kp ARBAIN,,,,,,,,,,"3,00",,PCS,,,,,"19.000,00","0,00",,,,"57.000,00",
,9,ARB112,,,,,Minyak Habbatussauda 200kp ARBAIN,,,,,,,,,,"3,00",,PCS,,,,,"64.000,00","0,00",,,,"192.000,00",
,10,ARB114,,,,,Minyak Habbatussauda 60kp ARBAIN,,,,,,,,,,"3,00",,PCS,,,,,"25.000,00","0,00",,,,"75.000,00",
,11,ARB121,,,,,Kapsul Spirulina 60 kp ARBAIN,,,,,,,,,,"3,00",,PCS,,,,,"37.500,00","0,00",,,,"112.500,00",
,,,,,,,,,,,,,,,,,,,,,,,,,,,,,,
,,,,,,,,,,,,,,,,,,,,,,,,,,,,,,
,,,,,,,,,,,,,,,,,"33,00",,,,,,,,,,,,"1.002.000,00",
,,,,,,,,,,,,,,,,,,,,,,,,,,,,,,
,Pot. :,,"0,00",,,,,Pajak :,,,"0,00",,,,Biaya :,,,"0,00",,,,,Total Akhir :,,,,,"1.002.000,00",,
,,,,,,,,,,,,,,,,,,,,,,,,,,,,,,
,,,,,,,,,,,,,,,,,,,,,,,,,,,,,,
,,,,,,,,,,,,,,,,,,,,,,,,,,,,,,
,1605/JL/UTM/0122,,,,,,1/27/2022,,,,,PL1090,,,,HN KARAWANG,,,,,,,,  ,,,,,,
,,,,,,,,,,,,,,,,,,,,,,,,,,,,,,
,No.,Kd. Item,,,,,Nama Item,,,,,,,,,,Jml,,Satuan,,,,,Harga,Pot. %,,,,Total,
,,,,,,,,,,,,,,,,,,,,,,,,,,,,,,
,1,JAD010,,,,,Sari Kurma Jadied Propolis 300 gr,,,,,,,,,,"3,00",,PCS,,,,,"19.500,00","0,00",,,,"58.500,00",
,2,JAD007,,,,,Madu Jadied Masta 300gr,,,,,,,,,,"3,00",,PCS,,,,,"22.500,00","0,00",,,,"67.500,00",
,3,JAD001,,,,,Madu Jadied Kids 165 Gr,,,,,,,,,,"3,00",,PCS,,,,,"15.000,00","0,00",,,,"45.000,00",
,4,JAD002,,,,,Madu Jadied Masela,,,,,,,,,,"3,00",,PCS,,,,,"17.500,00","0,00",,,,"52.500,00",
,5,JAD000,,,,,Madu Jadied Promasela,,,,,,,,,,"3,00",,PCS,,,,,"19.500,00","0,00",,,,"58.500,00",
,6,JAD003,,,,,Madu Hutan Jadied Liar 1 Kg,,,,,,,,,,"3,00",,PCS,,,,,"90.000,00","0,00",,,,"270.000,00",
,7,JAD024,,,,,Minyak Habbatusauda 60ml- Jadied,,,,,,,,,,"3,00",,PCS,,,,,"40.000,00","0,00",,,,"120.000,00",
,8,MJH055,,,,,Minyak Habbatussauda Habbasy 250 Ml -  Rumman,,,,,,,,,,"3,00",,PCS,,,,,"135.000,00","0,00",,,,"405.000,00",
,,,,,,,,,,,,,,,,,,,,,,,,,,,,,,
,,,,,,,,,,,,,,,,,,,,,,,,,,,,,,
,,,,,,,,,,,,,,,,,"24,00",,,,,,,,,,,,"1.077.000,00",
,,,,,,,,,,,,,,,,,,,,,,,,,,,,,,
,Pot. :,,"0,00",,,,,Pajak :,,,"0,00",,,,Biaya :,,,"0,00",,,,,Total Akhir :,,,,,"1.077.000,00",,
,,,,,,,,,,,,,,,,,,,,,,,,,,,,,,
,,,,,,,,,,,,,,,,,,,,,,,,,,,,,,
,,,,,,,,,,,,,,,,,,,,,,,,,,,,,,
,1606/JL/UTM/0122,,,,,,1/27/2022,,,,,PL1090,,,,HN KARAWANG,,,,,,,,  ,,,,,,
,,,,,,,,,,,,,,,,,,,,,,,,,,,,,,
,No.,Kd. Item,,,,,Nama Item,,,,,,,,,,Jml,,Satuan,,,,,Harga,Pot. %,,,,Total,
,,,,,,,,,,,,,,,,,,,,,,,,,,,,,,
,1,SH03,,,,,Madu Sehat Lambung Asyifa,,,,,,,,,,"3,00",,PCS,,,,,"30.600,00","0,00",,,,"91.800,00",
,2,SH08,,,,,Madu Jamandel Asyifa,,,,,,,,,,"3,00",,PCS,,,,,"19.500,00","0,00",,,,"58.500,00",
,3,SH02,,,,,Madu Gemuk Sehat IQ Asyifa,,,,,,,,,,"3,00",,PCS,,,,,"23.400,00","0,00",,,,"70.200,00",
,4,SH04,,,,,Madu Sirup Gurah Asyifa,,,,,,,,,,"3,00",,PCS,,,,,"25.500,00","0,00",,,,"76.500,00",
,,,,,,,,,,,,,,,,,,,,,,,,,,,,,,
,,,,,,,,,,,,,,,,,,,,,,,,,,,,,,
,,,,,,,,,,,,,,,,,"12,00",,,,,,,,,,,,"297.000,00",
,,,,,,,,,,,,,,,,,,,,,,,,,,,,,,
,Pot. :,,"0,00",,,,,Pajak :,,,"0,00",,,,Biaya :,,,"0,00",,,,,Total Akhir :,,,,,"297.000,00",,
,,,,,,,,,,,,,,,,,,,,,,,,,,,,,,
,,,,,,,,,,,,,,,,,,,,,,,,,,,,,,
,,,,,,,,,,,,,,,,,,,,,,,,,,,,,,
,1607/JL/UTM/0122,,,,,,1/27/2022,,,,,PL1090,,,,HN KARAWANG,,,,,,,,  ,,,,,,
,,,,,,,,,,,,,,,,,,,,,,,,,,,,,,
,No.,Kd. Item,,,,,Nama Item,,,,,,,,,,Jml,,Satuan,,,,,Harga,Pot. %,,,,Total,
,,,,,,,,,,,,,,,,,,,,,,,,,,,,,,
,1,QHM01,,,,,Madu Qusthul Hindi Husna 350 gram,,,,,,,,,,"3,00",,PCS,,,,,"43.500,00","0,00",,,,"130.500,00",
,2,MDQ0,,,,,Madu Qusthul Hindi SH,,,,,,,,,,"3,00",,PCS,,,,,"42.500,00","0,00",,,,"127.500,00",
,3,CBM001,,,,,Sari Kurma Cap Ajwa 350gr,,,,,,,,,,"3,00",,PCS,,,,,"27.000,00","0,00",,,,"81.000,00",
,4,CBM002,,,,,Sari Kurma Angkak Cap Ajwa 350gr,,,,,,,,,,"3,00",,PCS,,,,,"33.000,00","0,00",,,,"99.000,00",
,,,,,,,,,,,,,,,,,,,,,,,,,,,,,,
,,,,,,,,,,,,,,,,,,,,,,,,,,,,,,
,,,,,,,,,,,,,,,,,"12,00",,,,,,,,,,,,"438.000,00",
,,,,,,,,,,,,,,,,,,,,,,,,,,,,,,
,Pot. :,,"0,00",,,,,Pajak :,,,"0,00",,,,Biaya :,,,"0,00",,,,,Total Akhir :,,,,,"438.000,00",,
,,,,,,,,,,,,,,,,,,,,,,,,,,,,,,
,,,,,,,,,,,,,,,,,,,,,,,,,,,,,,
,,,,,,,,,,,,,,,,,,,,,,,,,,,,,,
,1608/JL/UTM/0122,,,,,,1/27/2022,,,,,PL1090,,,,HN KARAWANG,,,,,,,,  ,,,,,,
,,,,,,,,,,,,,,,,,,,,,,,,,,,,,,
,No.,Kd. Item,,,,,Nama Item,,,,,,,,,,Jml,,Satuan,,,,,Harga,Pot. %,,,,Total,
,,,,,,,,,,,,,,,,,,,,,,,,,,,,,,
,1,SY01,,,,,Syifamilk Vanila 350 gr,,,,,,,,,,"3,00",,PCS,,,,,"26.000,00","0,00",,,,"78.000,00",
,2,SY02,,,,,Syifamilk Full  cream 350 gr,,,,,,,,,,"3,00",,PCS,,,,,"26.000,00","0,00",,,,"78.000,00",
,3,SY03,,,,,Syifamilk Coklat 350 gr,,,,,,,,,,"3,00",,PCS,,,,,"26.000,00","0,00",,,,"78.000,00",
,4,ARFH001,,,,,Suka Etawa Vanila 200 gr,,,,,,,,,,"3,00",,PCS,,,,,"18.000,00","0,00",,,,"54.000,00",
,5,HERB036,,,,,MBH Madu Batuk Herbal,,,,,,,,,,"3,00",,PCS,,,,,"25.000,00","0,00",,,,"75.000,00",
,,,,,,,,,,,,,,,,,,,,,,,,,,,,,,
,,,,,,,,,,,,,,,,,,,,,,,,,,,,,,
,,,,,,,,,,,,,,,,,"15,00",,,,,,,,,,,,"363.000,00",
,,,,,,,,,,,,,,,,,,,,,,,,,,,,,,
,Pot. :,,"0,00",,,,,Pajak :,,,"0,00",,,,Biaya :,,,"0,00",,,,,Total Akhir :,,,,,"363.000,00",,
,,,,,,,,,,,,,,,,,,,,,,,,,,,,,,
,,,,,,,,,,,,,,,,,,,,,,,,,,,,,,
,,,,,,,,,,,,,,,,,,,,,,,,,,,,,,
,1609/JL/UTM/0122,,,,,,1/27/2022,,,,,PL1090,,,,HN KARAWANG,,,,,,,,  ,,,,,,
,,,,,,,,,,,,,,,,,,,,,,,,,,,,,,
,No.,Kd. Item,,,,,Nama Item,,,,,,,,,,Jml,,Satuan,,,,,Harga,Pot. %,,,,Total,
,,,,,,,,,,,,,,,,,,,,,,,,,,,,,,
,1,MC001,,,,,Madu Maag Zestmag,,,,,,,,,,"2,00",,PCS,,,,,"135.000,00","0,00",,,,"270.000,00",
,2,MC002,,,,,Madu Jamkhorat,,,,,,,,,,"2,00",,PCS,,,,,"135.000,00","0,00",,,,"270.000,00",
,3,MCC0010,,,,,Madu Gurahft,,,,,,,,,,"2,00",,PCS,,,,,"135.000,00","0,00",,,,"270.000,00",
,4,MCCOO2,,,,,Madu Nuruten,,,,,,,,,,"2,00",,PCS,,,,,"135.000,00","0,00",,,,"270.000,00",
,5,MCC004,,,,,Madu Exofem,,,,,,,,,,"2,00",,PCS,,,,,"135.000,00","0,00",,,,"270.000,00",
,6,MCC005,,,,,Madu Biomaag,,,,,,,,,,"2,00",,PCS,,,,,"135.000,00","0,00",,,,"270.000,00",
,7,MCC006,,,,,Kapsul Diabcon,,,,,,,,,,"2,00",,PCS,,,,,"220.500,00","0,00",,,,"441.000,00",
,8,MCC007,,,,,Kapsul Tridax,,,,,,,,,,"2,00",,PCS,,,,,"220.500,00","0,00",,,,"441.000,00",
,9,MCC003,,,,,Madu Vitomata,,,,,,,,,,"2,00",,PCS,,,,,"135.000,00","0,00",,,,"270.000,00",
,,,,,,,,,,,,,,,,,,,,,,,,,,,,,,
,,,,,,,,,,,,,,,,,,,,,,,,,,,,,,
,,,,,,,,,,,,,,,,,"18,00",,,,,,,,,,,,"2.772.000,00",
,,,,,,,,,,,,,,,,,,,,,,,,,,,,,,
,Pot. :,,"0,00",,,,,Pajak :,,,"0,00",,,,Biaya :,,,"0,00",,,,,Total Akhir :,,,,,"2.772.000,00",,
,,,,,,,,,,,,,,,,,,,,,,,,,,,,,,
,,,,,,,,,,,,,,,,,,,,,,,,,,,,,,
,,,,,,,,,,,,,,,,,,,,,,,,,,,,,,
,1610/JL/UTM/0122,,,,,,1/27/2022,,,,,PL1090,,,,HN KARAWANG,,,,,,,,  ,,,,,,
,,,,,,,,,,,,,,,,,,,,,,,,,,,,,,
,No.,Kd. Item,,,,,Nama Item,,,,,,,,,,Jml,,Satuan,,,,,Harga,Pot. %,,,,Total,
,,,,,,,,,,,,,,,,,,,,,,,,,,,,,,
,1,ABH002,,,,,Madu As Salamah 4 In 1,,,,,,,,,,"3,00",,PCS,,,,,"30.000,00","0,00",,,,"90.000,00",
,2,ABH004,,,,,Madu As Salamah Pencernaan,,,,,,,,,,"3,00",,PCS,,,,,"30.500,00","0,00",,,,"91.500,00",
,3,ABH013,,,,,Sari Kurma Emirates 330gr,,,,,,,,,,"3,00",,PCS,,,,,"30.500,00","0,00",,,,"91.500,00",
,4,ABH006,,,,,Madu Hitam Pahit Komplit As Salamah 460gr,,,,,,,,,,"3,00",,PCS,,,,,"45.500,00","0,00",,,,"136.500,00",
,5,ABH009,,,,,Madu Hitam pahit 350 gram as salamah,,,,,,,,,,"3,00",,PCS,,,,,"36.000,00","0,00",,,,"108.000,00",
,6,ABH005,,,,,Madu As Salamah Trio Manggis Sirsak,,,,,,,,,,"3,00",,PCS,,,,,"30.000,00","0,00",,,,"90.000,00",
,7,ABH012,,,,,Madu Assalama4 in 1 plus Qusthul Hindi,,,,,,,,,,"3,00",,PCS,,,,,"30.000,00","0,00",,,,"90.000,00",
,8,ABH014,,,,,Sari Kurma Emirates Premium 350 GRAM,,,,,,,,,,"3,00",,PCS,,,,,"50.000,00","0,00",,,,"150.000,00",
,9,ABH001,,,,,Madu Anak Pintar,,,,,,,,,,"3,00",,PCS,,,,,"22.000,00","0,00",,,,"66.000,00",
,10,ABH003,,,,,Madu As Salamah 8 In 1,,,,,,,,,,"3,00",,PCS,,,,,"28.000,00","0,00",,,,"84.000,00",
,11,ABH007,,,,,Madu Hutan As-Salamah 500 gr,,,,,,,,,,"3,00",,PCS,,,,,"50.000,00","0,00",,,,"150.000,00",
,12,ABH008,,,,,Madu Hutan As-Salamah 1000 gr,,,,,,,,,,"3,00",,PCS,,,,,"84.000,00","0,00",,,,"252.000,00",
,13,ABH010,,,,,Madu Buah Assalamah 1kg,,,,,,,,,,"3,00",,PCS,,,,,"74.000,00","0,00",,,,"222.000,00",
,14,ABH011,,,,,Mad Buah Assalamah 500gr,,,,,,,,,,"3,00",,PCS,,,,,"44.500,00","0,00",,,,"133.500,00",
,,,,,,,,,,,,,,,,,,,,,,,,,,,,,,
,,,,,,,,,,,,,,,,,,,,,,,,,,,,,,
,,,,,,,,,,,,,,,,,"42,00",,,,,,,,,,,,"1.755.000,00",
,,,,,,,,,,,,,,,,,,,,,,,,,,,,,,
,Pot. :,,"0,00",,,,,Pajak :,,,"0,00",,,,Biaya :,,,"0,00",,,,,Total Akhir :,,,,,"1.755.000,00",,
,,,,,,,,,,,,,,,,,,,,,,,,,,,,,,
,,,,,,,,,,,,,,,,,,,,,,,,,,,,,,
,,,,,,,,,,,,,,,,,,,,,,,,,,,,,,
,1611/JL/UTM/0122,,,,,,1/27/2022,,,,,PL0905,,,,Sami Herbal,,,,,,,, Pondok Gede ,,,,,,
,,,,,,,,,,,,,,,,,,,,,,,,,,,,,,
,No.,Kd. Item,,,,,Nama Item,,,,,,,,,,Jml,,Satuan,,,,,Harga,Pot. %,,,,Total,
,,,,,,,,,,,,,,,,,,,,,,,,,,,,,,
,1,OTM06,,,,,Madu Aslam Mazied 350 gram,,,,,,,,,,"20,00",,PCS,,,,,"28.500,00","0,00",,,,"570.000,00",
,,,,,,,,,,,,,,,,,,,,,,,,,,,,,,
,,,,,,,,,,,,,,,,,,,,,,,,,,,,,,
,,,,,,,,,,,,,,,,,"20,00",,,,,,,,,,,,"570.000,00",
,,,,,,,,,,,,,,,,,,,,,,,,,,,,,,
,Pot. :,,"0,00",,,,,Pajak :,,,"0,00",,,,Biaya :,,,"0,00",,,,,Total Akhir :,,,,,"570.000,00",,
,,,,,,,,,,,,,,,,,,,,,,,,,,,,,,
,,,,,,,,,,,,,,,,,,,,,,,,,,,,,,
,,,,,,,,,,,,,,,,,,,,,,,,,,,,,,
,1612/JL/UTM/0122,,,,,,1/27/2022,,,,,PL1035,,,,TOKO KARAM GROSIR,,,,,,,,  ,,,,,,
,,,,,,,,,,,,,,,,,,,,,,,,,,,,,,
,No.,Kd. Item,,,,,Nama Item,,,,,,,,,,Jml,,Satuan,,,,,Harga,Pot. %,,,,Total,
,,,,,,,,,,,,,,,,,,,,,,,,,,,,,,
,1,ARB61,,,,,Madu Alief Kaliandra 1kg,,,,,,,,,,"1,00",,PCS,,,,,"143.000,00","0,00",,,,"143.000,00",
,2,ARB011,,,,,Sari Kurma Original 330gr- ARBA'IN,,,,,,,,,,"1,00",,PCS,,,,,"14.500,00","0,00",,,,"14.500,00",
,3,ARB122,,,,,Minyak VCO 125 ml ARBAIN,,,,,,,,,,"1,00",,PCS,,,,,"17.500,00","0,00",,,,"17.500,00",
,4,ARB123,,,,,Sabun Spirulina colagen - ARBAIN,,,,,,,,,,"5,00",,PCS,,,,,"12.500,00","0,00",,,,"62.500,00",
,5,ARB100,,,,,Minyak Zaitun Olive Oil 200kp ARBAIN,,,,,,,,,,"2,00",,PCS,,,,,"39.000,00","0,00",,,,"78.000,00",
,6,ARB111,,,,,Minyak Zaitun Olive oil 60kp ARBAIN,,,,,,,,,,"2,00",,PCS,,,,,"19.000,00","0,00",,,,"38.000,00",
,7,ARB118,,,,,Serbuk habbatussauda 60kp Arbain,,,,,,,,,,"1,00",,PCS,,,,,"22.000,00","0,00",,,,"22.000,00",
,8,ARB114,,,,,Minyak Habbatussauda 60kp ARBAIN,,,,,,,,,,"1,00",,PCS,,,,,"25.000,00","0,00",,,,"25.000,00",
,9,JAD002,,,,,Madu Jadied Masela,,,,,,,,,,"1,00",,PCS,,,,,"18.750,00","0,00",,,,"18.750,00",
,10,CBM001,,,,,Sari Kurma Cap Ajwa 350gr,,,,,,,,,,"3,00",,PCS,,,,,"27.000,00","0,00",,,,"81.000,00",
,11,QB01,,,,,Madu Magbur,,,,,,,,,,"1,00",,PCS,,,,,"30.000,00","0,00",,,,"30.000,00",
,12,MHG012,,,,,Madu Hitam Pahit Plus Qusthul Hindi GHIOLIBAN,,,,,,,,,,"1,00",,PCS,,,,,"32.000,00","0,00",,,,"32.000,00",
,13,Hulbah02,,,,,Habbatusauda Hulbah 4in1 60k,,,,,,,,,,"1,00",,PCS,,,,,"27.000,00","0,00",,,,"27.000,00",
,14,HB002,,,,,Madu Ajaban Pahit 470 gram,,,,,,,,,,"2,00",,PCS,,,,,"35.000,00","0,00",,,,"70.000,00",
,15,ARFH001,,,,,Suka Etawa Vanila 200 gr,,,,,,,,,,"1,00",,PCS,,,,,"16.500,00","0,00",,,,"16.500,00",
,16,SY02,,,,,Syifamilk Full  cream 350 gr,,,,,,,,,,"3,00",,PCS,,,,,"26.000,00","0,00",,,,"78.000,00",
,17,SY03,,,,,Syifamilk Coklat 350 gr,,,,,,,,,,"5,00",,PCS,,,,,"26.000,00","0,00",,,,"130.000,00",
,18,TAS011,,,,,Madu Tasnim Diabetana 245ml,,,,,,,,,,"1,00",,PCS,,,,,"40.000,00","0,00",,,,"40.000,00",
,19,TAS013,,,,,Madu Kidsna,,,,,,,,,,"1,00",,PCS,,,,,"18.000,00","0,00",,,,"18.000,00",
,20,MZ0010,,,,,Minyak Zaitun Balsari Organic 250 Ml,,,,,,,,,,"1,00",,PCS,,,,,"55.000,00","0,00",,,,"55.000,00",
,21,HERB036,,,,,MBH Madu Batuk Herbal,,,,,,,,,,"2,00",,PCS,,,,,"30.000,00","0,00",,,,"60.000,00",
,22,HERB015,,,,,Cream Macho,,,,,,,,,,"1,00",,PCS,,,,,"26.000,00","0,00",,,,"26.000,00",
,23,NMU012,,,,,Susu Kambing DA,,,,,,,,,,"2,00",,PCS,,,,,"35.000,00","0,00",,,,"70.000,00",
,24,DAR005,,,,,Madu Lambung Darusyifa 350 gram,,,,,,,,,,"1,00",,PCS,,,,,"35.000,00","0,00",,,,"35.000,00",
,25,JHP64,,,,,Jahe Merah H64,,,,,,,,,,"1,00",,PCS,,,,,"6.250,00","0,00",,,,"6.250,00",
,26,OTM11,,,,,Madu Hijau MAZIED 280 gram,,,,,,,,,,"4,00",,PCS,,,,,"26.500,00","0,00",,,,"106.000,00",
,27,OTM10,,,,,Madu Bajakah Extra MAZIED 280 gram,,,,,,,,,,"1,00",,PCS,,,,,"26.500,00","0,00",,,,"26.500,00",
,28,BHI03,,,,,Jahe Merah FULL AREN BIHERBI,,,,,,,,,,"6,00",,PCS,,,,,"19.000,00","0,00",,,,"114.000,00",
,29,BHI04,,,,,Jahe MERAH PLUS AREN BIHERBI,,,,,,,,,,"4,00",,PCS,,,,,"16.500,00","0,00",,,,"66.000,00",
,30,BHI06,,,,,Kunyit Asem BIHERBI,,,,,,,,,,"3,00",,PCS,,,,,"16.500,00","0,00",,,,"49.500,00",
,31,BHI05,,,,,Temulawak BIHERBI,,,,,,,,,,"6,00",,PCS,,,,,"16.500,00","0,00",,,,"99.000,00",
,32,BHI07,,,,,Kunir Putih BIHERBI,,,,,,,,,,"1,00",,PCS,,,,,"16.500,00","0,00",,,,"16.500,00",
,33,BHI01,,,,,Madu Hitam Pahit Gamat BEHERBI,,,,,,,,,,"1,00",,PCS,,,,,"27.000,00","0,00",,,,"27.000,00",
,34,BHI02,,,,,Madu TROMBOMEX BEHERBI,,,,,,,,,,"1,00",,PCS,,,,,"28.000,00","0,00",,,,"28.000,00",
,35,THB016,,,,,Kapsul Trigona 100 kpp THB,,,,,,,,,,"1,00",,PCS,,,,,"30.000,00","0,00",,,,"30.000,00",
,36,SH01,,,,,Madu flu & Batuk 9 in 1 Asyifa,,,,,,,,,,"1,00",,PCS,,,,,"19.350,00","0,00",,,,"19.350,00",
,37,SH04,,,,,Madu Sirup Gurah Asyifa,,,,,,,,,,"1,00",,PCS,,,,,"25.650,00","0,00",,,,"25.650,00",
,38,MC001,,,,,Madu Maag Zestmag,,,,,,,,,,"1,00",,PCS,,,,,"130.500,00","0,00",,,,"130.500,00",
,39,MCC0010,,,,,Madu Gurahft,,,,,,,,,,"1,00",,PCS,,,,,"130.500,00","0,00",,,,"130.500,00",
,40,MCC005,,,,,Madu Biomaag,,,,,,,,,,"1,00",,PCS,,,,,"166.500,00","0,00",,,,"166.500,00",
,,,,,,,,,,,,,,,,,,,,,,,,,,,,,,
,,,,,,,,,,,,,,,,,,,,,,,,,,,,,,
,,,,,,,,,,,,,,,,,"75,00",,,,,,,,,,,,"2.229.000,00",
,,,,,,,,,,,,,,,,,,,,,,,,,,,,,,
,Pot. :,,"0,00",,,,,Pajak :,,,"0,00",,,,Biaya :,,,"0,00",,,,,Total Akhir :,,,,,"2.229.000,00",,
,,,,,,,,,,,,,,,,,,,,,,,,,,,,,,
,,,,,,,,,,,,,,,,,,,,,,,,,,,,,,
,,,,,,,,,,,,,,,,,,,,,,,,,,,,,,
,1613/JL/UTM/0122,,,,,,1/27/2022,,,,,PL1035,,,,TOKO KARAM GROSIR,,,,,,,,  ,,,,,,
,,,,,,,,,,,,,,,,,,,,,,,,,,,,,,
,No.,Kd. Item,,,,,Nama Item,,,,,,,,,,Jml,,Satuan,,,,,Harga,Pot. %,,,,Total,
,,,,,,,,,,,,,,,,,,,,,,,,,,,,,,
,1,JEL02,,,,,Jelly Gamat Gold G 500 ML,,,,,,,,,,"3,00",,PCS,,,,,"125.000,00","0,00",,,,"375.000,00",
,2,PH033,,,,,Herba Jawi,,,,,,,,,,"1,00",,PCS,,,,,"19.000,00","0,00",,,,"19.000,00",
,3,MBt01,,,,,Minyak But-But,,,,,,,,,,"2,00",,PCS,,,,,"26.500,00","0,00",,,,"53.000,00",
,4,HPAI01,,,,,Minyak herbal Sinergi,,,,,,,,,,"3,00",,PCS,,,,,"30.000,00","0,00",,,,"90.000,00",
,5,PH104,,,,,MD Gemuk Dus PHDA,,,,,,,,,,"1,00",,PCS,,,,,"35.500,00","0,00",,,,"35.500,00",
,6,PH105,,,,,MD Kuning At Taubah,,,,,,,,,,"1,00",,PCS,,,,,"68.000,00","0,00",,,,"68.000,00",
,7,PH108,,,,,Habasyi Trigona 200 Kp PHDA,,,,,,,,,,"2,00",,PCS,,,,,"52.000,00","0,00",,,,"104.000,00",
,8,MHP002,,,,,MHP Propolis Ar Rohmah 460gr,,,,,,,,,,"1,00",,PCS,,,,,"43.000,00","0,00",,,,"43.000,00",
,9,PH110,,,,,MD Lanang,,,,,,,,,,"1,00",,PCS,,,,,"37.500,00","0,00",,,,"37.500,00",
,10,PH112,,,,,MD PASMAAG,,,,,,,,,,"2,00",,PCS,,,,,"32.000,00","0,00",,,,"64.000,00",
,11,PH114,,,,,Minyak Sereh PHDA,,,,,,,,,,"1,00",,PCS,,,,,"15.500,00","0,00",,,,"15.500,00",
,12,PH116,,,,,Minyak Pijat PHDA,,,,,,,,,,"1,00",,PCS,,,,,"17.000,00","0,00",,,,"17.000,00",
,13,SK01,,,,,Sari Kurma Al Jazira 360 Gr,,,,,,,,,,"1,00",,PCS,,,,,"17.000,00","0,00",,,,"17.000,00",
,14,LB002,,,,,Madu Bajakah PHD,,,,,,,,,,"2,00",,PCS,,,,,"39.000,00","0,00",,,,"78.000,00",
,15,PH0025,,,,,Vermus PHD,,,,,,,,,,"1,00",,PCS,,,,,"35.000,00","0,00",,,,"35.000,00",
,16,PHD026,,,,,Kutus kutus,,,,,,,,,,"1,00",,PCS,,,,,"110.000,00","0,00",,,,"110.000,00",
,17,PHD001,,,,,Pasta Gigi Halaqel,,,,,,,,,,"5,00",,PCS,,,,,"17.500,00","0,00",,,,"87.500,00",
,18,MDPHD4,,,,,Madu Anak Bapil,,,,,,,,,,"2,00",,PCS,,,,,"29.500,00","0,00",,,,"59.000,00",
,19,MDPHD3,,,,,Madu Anak Penurun panas,,,,,,,,,,"1,00",,PCS,,,,,"29.500,00","0,00",,,,"29.500,00",
,,,,,,,,,,,,,,,,,,,,,,,,,,,,,,
,,,,,,,,,,,,,,,,,,,,,,,,,,,,,,
,,,,,,,,,,,,,,,,,"32,00",,,,,,,,,,,,"1.337.500,00",
,,,,,,,,,,,,,,,,,,,,,,,,,,,,,,
,Pot. :,,"0,00",,,,,Pajak :,,,"0,00",,,,Biaya :,,,"0,00",,,,,Total Akhir :,,,,,"1.337.500,00",,
,,,,,,,,,,,,,,,,,,,,,,,,,,,,,,
,,,,,,,,,,,,,,,,,,,,,,,,,,,,,,
,,,,,,,,,,,,,,,,,,,,,,,,,,,,,,
,1614/JL/UTM/0122,,,,,,1/28/2022,,,,,PL0905,,,,Sami Herbal,,,,,,,, Pondok Gede ,,,,,,
,,,,,,,,,,,,,,,,,,,,,,,,,,,,,,
,No.,Kd. Item,,,,,Nama Item,,,,,,,,,,Jml,,Satuan,,,,,Harga,Pot. %,,,,Total,
,,,,,,,,,,,,,,,,,,,,,,,,,,,,,,
,1,ARFH09,,,,,Susu Lakta E 200gr,,,,,,,,,,"1,00",,PCS,,,,,"35.000,00","0,00",,,,"35.000,00",
,2,BHI03,,,,,Jahe Merah FULL AREN BIHERBI,,,,,,,,,,"2,00",,PCS,,,,,"19.000,00","0,00",,,,"38.000,00",
,3,BHI04,,,,,Jahe MERAH PLUS AREN BIHERBI,,,,,,,,,,"3,00",,PCS,,,,,"16.500,00","0,00",,,,"49.500,00",
,,,,,,,,,,,,,,,,,,,,,,,,,,,,,,
,,,,,,,,,,,,,,,,,,,,,,,,,,,,,,
,,,,,,,,,,,,,,,,,"6,00",,,,,,,,,,,,"122.500,00",
,,,,,,,,,,,,,,,,,,,,,,,,,,,,,,
,Pot. :,,"0,00",,,,,,,,,,,,Biaya :,,,"0,00",,,,,,,,,,"122.500,00",,
,,,,,,,,Pajak :,,,"0,00",,,,,,,,,,,,Total Akhir :,,,,,,,
,,,,,,,,,,,,,,,,,,,,,,,,,,,,,,
,,,,,,,,,,,,,,,,,,,,,,,,,,,,,,
,,,,,,,,,,,,,,,,,,,,,,,,,,,,,,
,,,,,,,,,,,,,,,,,,,,,,,,,,,,,,
,1615/JL/UTM/0122,,,,,,1/28/2022,,,,,PL0904,,,,Herbal Mart,,,,,,,, Pondok Gede ,,,,,,
,,,,,,,,,,,,,,,,,,,,,,,,,,,,,,
,No.,Kd. Item,,,,,Nama Item,,,,,,,,,,Jml,,Satuan,,,,,Harga,Pot. %,,,,Total,
,,,,,,,,,,,,,,,,,,,,,,,,,,,,,,
,1,BHI03,,,,,Jahe Merah FULL AREN BIHERBI,,,,,,,,,,"4,00",,PCS,,,,,"19.000,00","0,00",,,,"76.000,00",
,2,BHI05,,,,,Temulawak BIHERBI,,,,,,,,,,"2,00",,PCS,,,,,"16.500,00","0,00",,,,"33.000,00",
,3,BHI06,,,,,Kunyit Asem BIHERBI,,,,,,,,,,"1,00",,PCS,,,,,"16.500,00","0,00",,,,"16.500,00",
,4,BHI07,,,,,Kunir Putih BIHERBI,,,,,,,,,,"1,00",,PCS,,,,,"16.500,00","0,00",,,,"16.500,00",
,,,,,,,,,,,,,,,,,,,,,,,,,,,,,,
,,,,,,,,,,,,,,,,,,,,,,,,,,,,,,
,,,,,,,,,,,,,,,,,"8,00",,,,,,,,,,,,"142.000,00",
,,,,,,,,,,,,,,,,,,,,,,,,,,,,,,
,Pot. :,,"0,00",,,,,Pajak :,,,"0,00",,,,Biaya :,,,"0,00",,,,,Total Akhir :,,,,,"142.000,00",,
,,,,,,,,,,,,,,,,,,,,,,,,,,,,,,
,,,,,,,,,,,,,,,,,,,,,,,,,,,,,,
,,,,,,,,,,,,,,,,,,,,,,,,,,,,,,
,1616/JL/UTM/0122,,,,,,1/28/2022,,,,,PL1033,,,,SALMA PINANG RANTI,,,,,,,,  ,,,,,,
,,,,,,,,,,,,,,,,,,,,,,,,,,,,,,
,No.,Kd. Item,,,,,Nama Item,,,,,,,,,,Jml,,Satuan,,,,,Harga,Pot. %,,,,Total,
,,,,,,,,,,,,,,,,,,,,,,,,,,,,,,
,1,ARB50,,,,,Tongkat Arab 210 ML,,,,,,,,,,"1,00",,PCS,,,,,"45.000,00","0,00",,,,"45.000,00",
,2,MBH012,,,,,Madu An Nasr MULTIFLORA 1 kg HERBAL BAROKAH,,,,,,,,,,"1,00",,PCS,,,,,"98.000,00","0,00",,,,"98.000,00",
,,,,,,,,,,,,,,,,,,,,,,,,,,,,,,
,,,,,,,,,,,,,,,,,,,,,,,,,,,,,,
,,,,,,,,,,,,,,,,,,,,,,,,,,,,,,
,,,,,,,,,,,,,,,,,"2,00",,,,,,,,,,,,"143.000,00",
,,,,,,,,,,,,,,,,,,,,,,,,,,,,,,
,Pot. :,,"0,00",,,,,Pajak :,,,"0,00",,,,Biaya :,,,"0,00",,,,,Total Akhir :,,,,,"143.000,00",,
,,,,,,,,,,,,,,,,,,,,,,,,,,,,,,
,,,,,,,,,,,,,,,,,,,,,,,,,,,,,,
,,,,,,,,,,,,,,,,,,,,,,,,,,,,,,
,1617/JL/UTM/0122,,,,,,1/28/2022,,,,,PL0938,,,,Pondok Herbal,,,,,,,,  ,,,,,,
,,,,,,,,,,,,,,,,,,,,,,,,,,,,,,
,No.,Kd. Item,,,,,Nama Item,,,,,,,,,,Jml,,Satuan,,,,,Harga,Pot. %,,,,Total,
,,,,,,,,,,,,,,,,,,,,,,,,,,,,,,
,1,BHI04,,,,,Jahe MERAH PLUS AREN BIHERBI,,,,,,,,,,"3,00",,PCS,,,,,"16.500,00","0,00",,,,"49.500,00",
,2,BHI05,,,,,Temulawak BIHERBI,,,,,,,,,,"2,00",,PCS,,,,,"16.500,00","0,00",,,,"33.000,00",
,,,,,,,,,,,,,,,,,,,,,,,,,,,,,,
,,,,,,,,,,,,,,,,,,,,,,,,,,,,,,
,,,,,,,,,,,,,,,,,"5,00",,,,,,,,,,,,"82.500,00",
,,,,,,,,,,,,,,,,,,,,,,,,,,,,,,
,Pot. :,,"0,00",,,,,Pajak :,,,"0,00",,,,Biaya :,,,"0,00",,,,,Total Akhir :,,,,,"82.500,00",,
,,,,,,,,,,,,,,,,,,,,,,,,,,,,,,
,,,,,,,,,,,,,,,,,,,,,,,,,,,,,,
,,,,,,,,,,,,,,,,,,,,,,,,,,,,,,
,1618/JL/UTM/0122,,,,,,1/29/2022,,,,,PL0902,,,,Mutiara Muslim Karawang,,,,,,,, Karawang ,,,,,,
,,,,,,,,,,,,,,,,,,,,,,,,,,,,,,
,No.,Kd. Item,,,,,Nama Item,,,,,,,,,,Jml,,Satuan,,,,,Harga,Pot. %,,,,Total,
,,,,,,,,,,,,,,,,,,,,,,,,,,,,,,
,1,MK07,,,,,Madu Pria Perkasa 200ml,,,,,,,,,,"4,00",,PCS,,,,,"33.000,00","0,00",,,,"132.000,00",
,2,BHI04,,,,,Jahe MERAH PLUS AREN BIHERBI,,,,,,,,,,"1,00",,PCS,,,,,"16.500,00","0,00",,,,"16.500,00",
,3,BHI06,,,,,Kunyit Asem BIHERBI,,,,,,,,,,"1,00",,PCS,,,,,"16.500,00","0,00",,,,"16.500,00",
,,,,,,,,,,,,,,,,,,,,,,,,,,,,,,
,,,,,,,,,,,,,,,,,,,,,,,,,,,,,,
,,,,,,,,,,,,,,,,,"6,00",,,,,,,,,,,,"165.000,00",
,,,,,,,,,,,,,,,,,,,,,,,,,,,,,,
,Pot. :,,"0,00",,,,,Pajak :,,,"0,00",,,,Biaya :,,,"0,00",,,,,Total Akhir :,,,,,"165.000,00",,
,,,,,,,,,,,,,,,,,,,,,,,,,,,,,,
,,,,,,,,,,,,,,,,,,,,,,,,,,,,,,
,,,,,,,,,,,,,,,,,,,,,,,,,,,,,,
,1619/JL/UTM/0122,,,,,,1/29/2022,,,,,PL0527,,,,Khasanah Ilmi Barat,,,,,,,,  ,,,,,,
,,,,,,,,,,,,,,,,,,,,,,,,,,,,,,
,No.,Kd. Item,,,,,Nama Item,,,,,,,,,,Jml,,Satuan,,,,,Harga,Pot. %,,,,Total,
,,,,,,,,,,,,,,,,,,,,,,,,,,,,,,
,1,ABH004,,,,,Madu As Salamah Pencernaan,,,,,,,,,,"24,00",,PCS,,,,,"30.160,00","0,00",,,,"723.840,00",
,2,ABH003,,,,,Madu As Salamah 8 In 1,,,,,,,,,,"24,00",,PCS,,,,,"27.768,00","0,00",,,,"666.432,00",
,,,,,,,,,,,,,,,,,,,,,,,,,,,,,,
,,,,,,,,,,,,,,,,,,,,,,,,,,,,,,
,,,,,,,,,,,,,,,,,"48,00",,,,,,,,,,,,"1.390.272,00",
,,,,,,,,,,,,,,,,,,,,,,,,,,,,,,
,Pot. :,,"0,00",,,,,Pajak :,,,"0,00",,,,Biaya :,,,"0,00",,,,,Total Akhir :,,,,,"1.390.272,00",,
,,,,,,,,,,,,,,,,,,,,,,,,,,,,,,
,,,,,,,,,,,,,,,,,,,,,,,,,,,,,,
,,,,,,,,,,,,,,,,,,,,,,,,,,,,,,
,,,,,,,,,,,,,,,,,,,,,,,,,,,,,,
,,,,,,,,,,,,,,,,,,,,,,,,,,,,,,
,,,,,,,,,,,,,,TOTAL KESELURUHAN :,,,,,,,,Jumlah Item :,,,,"2.027,00",,,,
,,,,,,,,,,,,,,,,,,,,,,Sub Total :,,,,"55.635.368,00",,,,
,,,,,,,,,,,,,,,,,,,,,,Potongan :,,,,"0,00",,,,
,,,,,,,,,,,,,,,,,,,,,,Pajak :,,,,"0,00",,,,
,,,,,,,,,,,,,,,,,,,,,,Biaya Lain :,,,,"0,00",,,,
,,,,,,,,,,,,,,,,,,,,,,Total Akhir :,,,,"55.635.368,00",,,,
,,,,,,,,,,,,,,,,,,,,,,,,,,,,,,
,20/07/2022 17:14,,,,,ADMIN,,,,,,,,,,,,,,,,,,,,,,,,1/1